date,开盘,最高,最低,收盘,成交量,成交额,流通股本,换手率
2022-01-26,8.5,11.95,8.5,10.55,881979199.0,8997736843.0,1321621837.0,0.6673461154380124
2022-01-27,10.5,11.33,10.05,10.17,399821557.0,4237713866.0,1321621837.0,0.3025234191859074
2022-01-28,10.03,10.84,9.07,10.51,267374360.0,2658018417.0,1321621837.0,0.2023077649858777
2022-02-07,10.84,10.93,10.01,10.65,211856687.0,2215525600.0,1321621837.0,0.1603005345923321
2022-02-08,10.31,10.69,9.72,10.32,192848950.0,1959155897.0,1321621837.0,0.14591840464573075
2022-02-09,10.26,11.22,9.97,11.06,207079379.0,2209131119.0,1321621837.0,0.15668580315686778
2022-02-10,10.93,10.96,9.95,9.96,198970736.0,2047415597.0,1321621837.0,0.15055043010764055
2022-02-11,9.69,10.18,9.32,9.41,164957482.0,1609038508.0,1321621837.0,0.12481443434261294
2022-02-14,9.3,9.59,9.18,9.42,69529202.0,653466682.0,1321621837.0,0.05260899907482385
2022-02-15,9.47,10.18,9.4,9.99,139622903.0,1381768453.0,1321621837.0,0.10564512411276086
2022-02-16,10.08,10.55,10.02,10.42,116988370.0,1213990747.0,1321621837.0,0.08851879314097623
2022-02-17,10.38,10.95,10.31,10.52,97291718.0,1038279970.0,1321621837.0,0.07361539835089756
2022-02-18,10.43,10.91,10.38,10.52,67050403.0,710673962.0,1321621837.0,0.05073342549499657
2022-02-21,10.66,11.42,10.53,11.38,112630623.0,1234762446.0,1321621837.0,0.08522152089713088
2022-02-22,11.19,12.18,10.96,11.65,109691844.0,1268587903.0,1321621837.0,0.08299790524723298
2022-02-23,11.65,11.7,11.32,11.43,73302305.0,843546935.0,1321621837.0,0.055463902720003254
2022-02-24,11.43,12.2,11.21,11.64,131256600.0,1538918934.0,1321621837.0,0.09931479363109222
2022-02-25,11.99,12.28,11.36,11.59,74772010.0,881079605.0,1321621837.0,0.05657594926679469
2022-02-28,11.79,12.82,11.4,12.5,115958790.0,1410271942.0,1321621837.0,0.08773976545606972
2022-03-01,12.86,13.79,12.31,12.73,138961086.0,1786202376.0,1321621837.0,0.10514436286512417
2022-03-02,12.89,13.05,12.18,12.86,111988095.0,1414248258.0,1321621837.0,0.08473535459599099
2022-03-03,12.75,12.93,12.3,12.3,59774569.0,749968415.0,1321621837.0,0.04522819412221924
2022-03-04,12.2,12.81,12.1,12.33,68218186.0,849801403.0,1321621837.0,0.0516170239399578
2022-03-07,12.33,12.76,11.87,12.42,78230668.0,969558286.0,1321621837.0,0.05919292933111547
2022-03-08,12.47,13.2,12.14,12.52,109333049.0,1389929403.0,1321621837.0,0.08272642441212932
2022-03-09,12.8,13.05,11.7,12.2,164835965.0,2039662003.0,1321621837.0,0.12472248897927372
2022-03-10,12.5,13.38,12.43,12.9,160692520.0,2069115543.0,1321621837.0,0.12158736750654946
2022-03-11,12.43,12.74,11.93,12.4,133792666.0,1648403826.0,1321621837.0,0.10123369806275379
2022-03-14,12.13,12.75,11.99,12.31,86391849.0,1070539877.0,1321621837.0,0.06536805505280101
2022-03-15,12.0,12.95,11.91,12.57,109592858.0,1375831025.0,1321621837.0,0.08292300787702557
2022-03-16,12.65,12.85,11.44,12.32,153967732.0,1881102877.0,1321621837.0,0.11649908293698993
2022-03-17,12.5,12.65,11.58,11.84,137667183.0,1647851776.0,1321621837.0,0.10416533621485553
2022-03-18,11.7,11.95,11.3,11.83,72377588.0,846787966.0,1321621837.0,0.05476421921439544
2022-03-21,11.96,12.86,11.83,12.39,102176212.0,1270384010.0,1321621837.0,0.07731123165453568
2022-03-22,12.25,12.68,12.0,12.27,86545066.0,1065363546.0,1321621837.0,0.06548398609730297
2022-03-23,12.4,12.62,12.25,12.57,70376891.0,877519663.0,1321621837.0,0.05325039964514448
2022-03-24,12.6,12.6,11.83,12.19,64553345.0,787539767.0,1321621837.0,0.04884403631414876
2022-03-25,12.22,12.39,11.51,11.56,59997073.0,715836748.0,1321621837.0,0.04539655090459889
2022-03-28,11.54,11.73,11.27,11.56,46842752.0,539240270.0,1321621837.0,0.035443385307804956
2022-03-29,11.69,11.77,10.96,11.41,60904794.0,693043010.0,1321621837.0,0.04608337445320223
2022-03-30,11.5,12.27,11.46,12.2,82946892.0,986866200.0,1321621837.0,0.06276144179660675
2022-03-31,12.08,12.32,11.63,12.26,69257862.0,829395452.0,1321621837.0,0.0524036907238239
2022-04-01,12.05,12.35,11.91,12.18,38537524.0,469215540.0,1321621837.0,0.029159266986294508
2022-04-06,12.0,12.02,11.24,11.38,68096090.0,788704666.0,1321621837.0,0.05152464047853047
2022-04-07,11.34,11.34,10.68,10.92,73596924.0,806684978.0,1321621837.0,0.05568682503541291
2022-04-08,10.88,11.22,10.61,10.94,46036966.0,505435497.0,1321621837.0,0.03483369047873866
2022-04-11,10.9,10.94,10.28,10.82,52136142.0,553146329.0,1321621837.0,0.03944860817247529
2022-04-12,10.91,11.09,10.4,10.88,43603992.0,467270306.0,1321621837.0,0.03299279020614427
2022-04-13,10.77,11.06,10.6,10.75,31712832.0,344369073.0,1321621837.0,0.023995390445413774
2022-04-14,10.85,10.95,10.41,10.6,39286136.0,416412006.0,1321621837.0,0.029725701331613213
2022-04-15,10.53,10.55,10.11,10.35,36180253.0,373390538.0,1321621837.0,0.02737564709291346
2022-04-18,10.21,11.37,10.18,11.26,88735033.0,970333144.0,1321621837.0,0.06714101607266346
2022-04-19,11.45,11.98,11.37,11.48,53565041.0,621918040.0,1321621837.0,0.04052977901877691
2022-04-20,11.43,11.74,11.26,11.36,53212257.0,611728513.0,1321621837.0,0.040262846383341044
2022-04-21,11.25,11.6,10.88,10.97,37975206.0,424679439.0,1321621837.0,0.028733791268311194
2022-04-22,11.08,11.25,10.65,10.69,32549176.0,354297294.0,1321621837.0,0.02462820686580408
2022-04-25,10.53,11.03,10.29,10.32,49986234.0,531241316.0,1321621837.0,0.03782188868297278
2022-04-26,10.45,11.0,10.45,10.61,49428718.0,530798822.0,1321621837.0,0.037400046379530275
2022-04-27,10.55,12.25,10.51,12.25,70248623.0,809915540.0,1321621837.0,0.05315334616402831
2022-04-28,12.0,13.13,11.91,12.79,70528069.0,885429890.0,1321621837.0,0.05336478788826187
2022-04-29,12.47,12.84,12.18,12.67,66532515.0,832244643.0,1321621837.0,0.05034156756294577
2022-05-05,12.86,13.18,12.5,12.55,41817564.0,534608618.0,1321621837.0,0.031641096438693304
2022-05-06,12.15,12.55,12.12,12.18,43425132.0,533394029.0,1321621837.0,0.03285745648586767
2022-05-09,12.15,13.13,12.15,12.88,66342091.0,845132080.0,1321621837.0,0.05019748398724438
2022-05-10,12.6,13.45,12.58,13.06,61084587.0,799986619.0,1321621837.0,0.04621941412428403
2022-05-11,13.05,13.63,12.91,12.98,68530306.0,909561679.0,1321621837.0,0.05185318831864913
2022-05-12,12.91,13.03,12.21,12.55,60455747.0,759138748.0,1321621837.0,0.04574360479487144
2022-05-13,12.64,12.68,12.29,12.53,32281021.0,402729890.0,1321621837.0,0.0244253084326118
2022-05-16,12.65,12.77,11.87,12.42,47516922.0,580169556.0,1321621837.0,0.035953493404634176
2022-05-17,12.3,13.13,12.21,13.1,54083592.0,689814409.0,1321621837.0,0.04092213860718768
2022-05-18,13.11,13.45,12.81,13.28,52563433.0,692430984.0,1321621837.0,0.039771916238396716
2022-05-19,13.17,14.6,13.08,14.1,88947446.0,1232687399.0,1321621837.0,0.06730173753931398
2022-05-20,14.1,14.59,13.97,14.39,54289147.0,773248275.0,1321621837.0,0.04107767099492924
2022-05-23,14.42,14.42,13.89,14.3,45607927.0,644379623.0,1321621837.0,0.03450905979544586
2022-05-24,14.23,14.39,13.76,13.79,41302409.0,579612556.0,1321621837.0,0.03125130642041593
2022-05-25,13.8,14.28,13.7,14.07,39251253.0,550826214.0,1321621837.0,0.029699307245934982
2022-05-26,14.06,14.45,13.86,13.98,42087802.0,594055644.0,1321621837.0,0.03184557096569826
2022-05-27,14.1,14.22,13.82,14.2,29793775.0,418321894.0,1321621837.0,0.022543343463233046
2022-05-30,14.29,14.4,14.04,14.33,30164395.0,429103749.0,1321621837.0,0.022823771638391898
2022-05-31,14.54,14.58,13.88,13.95,62081652.0,874210474.0,1321621837.0,0.04697383946146162
2022-06-01,13.9,14.12,13.53,13.75,55653036.0,765415198.0,1321621837.0,0.042109652278694905
2022-06-02,13.69,14.27,13.66,14.22,55145068.0,775956513.0,1321621837.0,0.04172530027589125
2022-06-06,14.28,15.65,14.02,15.48,80929813.0,1212115411.0,1321621837.0,0.061235226851052704
2022-06-07,15.78,16.05,15.36,15.88,72608379.0,1139583978.0,1321621837.0,0.05493884632295161
2022-06-08,15.8,16.05,15.12,15.7,57962072.0,903625231.0,1321621837.0,0.043856775347757816
2022-06-09,15.6,15.79,15.21,15.59,43652546.0,675057140.0,1321621837.0,0.03302952840056622
2022-06-10,15.4,16.22,15.25,15.81,77527400.0,1223113495.0,1321621837.0,0.05866080434625869
2022-06-13,15.65,15.83,15.33,15.55,47366016.0,737132947.0,1321621837.0,0.03583931096925421
2022-06-14,15.4,15.54,14.42,15.19,69564587.0,1038674207.0,1321621837.0,0.052635772996841
2022-06-15,15.15,15.21,14.16,14.44,71904708.0,1047484729.0,1321621837.0,0.054406416409719174
2022-06-16,14.4,15.01,14.4,14.6,46565482.0,686560804.0,1321621837.0,0.035233590045470775
2022-06-17,14.35,14.91,14.33,14.5,48278103.0,708986055.0,1321621837.0,0.0365294380347016
2022-06-20,14.64,15.12,14.42,14.79,46600596.0,690521318.0,1321621837.0,0.0352601589163966
2022-06-21,14.7,15.59,14.25,14.63,70607949.0,1042743424.0,1321621837.0,0.05342522877820761
2022-06-22,14.65,15.4,14.57,15.1,60304972.0,910103444.0,1321621837.0,0.04562952148012972
2022-06-23,14.91,15.65,14.74,15.48,48855068.0,747166809.0,1321621837.0,0.03696599634801585
2022-06-24,15.49,15.81,15.16,15.35,53520074.0,823995722.0,1321621837.0,0.040495754913892214
2022-06-27,15.42,15.6,14.79,14.9,83763865.0,1258032963.0,1321621837.0,0.06337960122552061
2022-06-28,15.21,15.7,14.6,15.7,58049750.0,879824854.0,1321621837.0,0.04392311656394037
2022-06-29,15.49,15.67,14.92,14.94,45536550.0,695595461.0,1321621837.0,0.03445505266723283
2022-06-30,14.85,15.34,14.7,14.95,46016745.0,689977489.0,1351324837.0,0.03405305944213915
2022-07-01,14.98,15.13,13.9,14.04,96012667.0,1368499073.0,1351324837.0,0.07105076764011257
2022-07-04,13.98,14.82,13.8,14.72,69939434.0,1003580932.0,1351324837.0,0.05175619664866709
2022-07-05,14.64,14.74,14.02,14.42,48488085.0,691960019.0,1351324837.0,0.03588188692486824
2022-07-06,14.43,14.7,14.23,14.27,30854824.0,444994987.0,1351324837.0,0.022833017757964882
2022-07-07,14.24,14.88,13.92,14.8,51428092.0,748035468.0,1351324837.0,0.0380575347924283
2022-07-08,15.09,15.25,14.39,14.4,38690610.0,571180159.0,1351324837.0,0.028631613170001995
2022-07-11,14.22,14.43,13.93,14.31,32974196.0,465708083.0,1351324837.0,0.024401383810279214
2022-07-12,14.2,14.52,13.84,13.84,30179210.0,424724682.0,1351324837.0,0.022333053588357896
2022-07-13,13.91,14.52,13.79,14.24,37170027.0,529821226.0,1351324837.0,0.027506359671830703
2022-07-14,14.27,14.72,14.2,14.35,39139484.0,566215009.0,1351324837.0,0.028963786447447647
2022-07-15,14.19,14.61,14.02,14.18,29401709.0,419318147.0,1351324837.0,0.021757691559398166
2022-07-18,14.27,14.37,13.48,14.02,58478719.0,803631474.0,1351324837.0,0.043275101144315015
2022-07-19,13.82,13.93,13.27,13.36,52770514.0,710689803.0,1351324837.0,0.03905094656378317
2022-07-20,13.39,13.86,13.39,13.72,39210189.0,535149969.0,1351324837.0,0.029016109174051983
2022-07-21,13.68,14.82,13.63,14.43,62697821.0,900203646.0,1351324837.0,0.046397297883750806
2022-07-22,14.39,14.9,14.23,14.75,41243234.0,603911363.0,1351324837.0,0.03052059199293767
2022-07-25,14.72,14.84,14.32,14.32,26539114.0,384371798.0,1351324837.0,0.019639329695825016
2022-07-26,14.36,15.5,13.82,15.36,87310012.0,1299689183.0,1400000000.0,0.062364294285714286
2022-07-27,15.34,17.04,15.23,17.04,78232842.0,1276894169.0,1400000000.0,0.05588060142857143
2022-07-28,17.02,18.23,16.76,17.33,74034292.0,1283839153.0,1400000000.0,0.052881637142857145
2022-07-29,17.23,17.89,17.23,17.41,30063791.0,524438218.0,1400000000.0,0.02147413642857143
2022-08-01,17.34,17.38,16.72,16.94,38017746.0,644160894.0,1400000000.0,0.027155532857142856
2022-08-02,16.53,17.68,16.53,17.14,42700786.0,731475638.0,1400000000.0,0.030500561428571427
2022-08-03,17.13,17.42,16.43,16.58,37762704.0,633684104.0,1400000000.0,0.02697336
2022-08-04,16.64,17.02,16.33,16.58,25140246.0,418055409.0,1400000000.0,0.01795731857142857
2022-08-05,16.51,16.83,16.33,16.45,26934559.0,443582277.0,1400000000.0,0.019238970714285715
2022-08-08,16.37,16.51,15.92,16.49,33553243.0,546363868.0,1400000000.0,0.023966602142857143
2022-08-09,16.53,18.53,16.36,18.42,75740545.0,1344606672.0,1400000000.0,0.054100389285714284
2022-08-10,18.36,19.28,18.1,18.64,61655742.0,1150824562.0,1400000000.0,0.04403981571428572
2022-08-11,18.8,19.16,18.08,18.73,38194952.0,711381931.0,1400000000.0,0.02728210857142857
2022-08-12,18.6,18.82,18.04,18.09,29276450.0,534466046.0,1400000000.0,0.02091175
2022-08-15,17.94,18.96,17.94,18.43,32422486.0,600524680.0,1400000000.0,0.02315891857142857
2022-08-16,18.38,19.2,18.21,18.95,37907218.0,710288308.0,1400000000.0,0.027076584285714286
2022-08-17,18.85,19.38,18.14,18.39,38865265.0,721954465.0,1400000000.0,0.02776090357142857
2022-08-18,18.32,18.65,18.05,18.33,34900422.0,637896840.0,1400000000.0,0.024928872857142858
2022-08-19,18.27,18.32,17.09,17.38,76470612.0,1334931870.0,1400000000.0,0.05462186571428571
2022-08-22,17.13,17.35,16.4,17.06,72560190.0,1220194227.0,1400000000.0,0.051828707142857144
2022-08-23,16.98,17.56,16.91,17.05,49416169.0,845478246.0,1400000000.0,0.03529726357142857
2022-08-24,17.07,17.46,16.83,17.0,48552172.0,832565763.0,1400000000.0,0.03468012285714286
2022-08-25,17.0,17.26,15.96,16.21,45591990.0,745170447.0,1400000000.0,0.03256570714285714
2022-08-26,16.68,16.68,15.72,15.95,36802495.0,590341850.0,1400000000.0,0.02628749642857143
2022-08-29,16.05,18.06,16.02,17.47,82414029.0,1428306027.0,1400000000.0,0.05886716357142857
2022-08-30,17.48,18.42,16.96,17.61,54461953.0,972088063.0,1400000000.0,0.038901395
2022-08-31,17.66,18.0,16.63,16.73,43015048.0,735408235.0,1400000000.0,0.030725034285714287
2022-09-01,16.71,17.87,16.64,17.49,50518178.0,873943828.0,1400000000.0,0.03608441285714286
2022-09-02,17.5,17.97,16.84,17.34,46123740.0,802888758.0,1400000000.0,0.03294552857142857
2022-09-05,17.26,17.91,16.88,17.2,38046894.0,659767830.0,1400000000.0,0.027176352857142858
2022-09-06,17.43,18.78,16.78,18.7,62350296.0,1119994672.0,1400000000.0,0.04453592571428571
2022-09-07,18.33,19.16,18.24,18.62,44950571.0,843155384.0,1400000000.0,0.03210755071428571
2022-09-08,18.56,18.86,18.24,18.4,35914644.0,663487140.0,1400000000.0,0.02565331714285714
2022-09-09,18.28,18.54,17.8,18.17,27686109.0,498703841.0,1400000000.0,0.019775792142857143
2022-09-13,18.33,18.51,17.57,17.69,38511314.0,685654402.0,1400000000.0,0.02750808142857143
2022-09-14,17.51,17.85,17.13,17.39,26528529.0,459297554.0,1400000000.0,0.018948949285714285
2022-09-15,17.51,17.57,16.16,16.44,49647037.0,822865415.0,1400000000.0,0.03546216928571429
2022-09-16,16.27,17.21,16.27,16.73,41031932.0,691085299.0,1400000000.0,0.029308522857142857
2022-09-19,16.83,17.15,16.43,16.57,22845562.0,379771856.0,1400000000.0,0.01631825857142857
2022-09-20,16.81,18.18,16.81,17.74,42894443.0,754111764.0,1400000000.0,0.030638887857142857
2022-09-21,17.86,18.13,17.44,17.71,28786024.0,511695072.0,1400000000.0,0.020561445714285715
2022-09-22,17.53,18.31,17.45,18.07,30929105.0,555479951.0,1400000000.0,0.022092217857142857
2022-09-23,17.9,18.52,17.89,17.98,25955006.0,468913597.0,1400000000.0,0.01853929
2022-09-26,17.87,18.35,17.76,17.94,28888850.0,520560033.0,1400000000.0,0.02063489285714286
2022-09-27,18.03,18.11,16.91,17.6,42277782.0,737825427.0,1400000000.0,0.030198415714285713
2022-09-28,17.52,18.11,17.13,17.23,28325471.0,499506454.0,1400000000.0,0.020232479285714287
2022-09-29,17.38,17.66,16.72,17.44,27168221.0,466511496.0,1400000000.0,0.019405872142857144
2022-09-30,17.32,17.39,16.58,16.7,33221647.0,558071119.0,1400000000.0,0.023729747857142856
2022-10-10,16.63,16.82,16.07,16.14,23752438.0,386943354.0,1400000000.0,0.016966027142857144
2022-10-11,16.12,16.79,16.12,16.27,28816375.0,472168595.0,1400000000.0,0.020583125
2022-10-12,16.33,17.02,15.53,16.81,34494426.0,561388323.0,1400000000.0,0.024638875714285715
2022-10-13,16.65,17.01,16.19,16.62,36650289.0,608048369.0,1400000000.0,0.026178777857142857
2022-10-14,16.89,18.05,16.47,17.82,59178815.0,1026725996.0,1400000000.0,0.042270582142857144
2022-10-17,17.43,17.49,16.85,17.15,30392055.0,519794305.0,1400000000.0,0.021708610714285714
2022-10-18,17.08,17.24,16.93,16.93,18981206.0,323217617.0,1400000000.0,0.013558004285714286
2022-10-19,16.91,17.11,16.43,16.48,20845072.0,347333150.0,1400000000.0,0.014889337142857144
2022-10-20,16.3,16.33,15.75,15.86,34855933.0,555460598.0,1400000000.0,0.024897095
2022-10-21,16.12,16.73,15.94,16.43,40214053.0,660348851.0,1400000000.0,0.02872432357142857
2022-10-24,16.38,17.02,16.36,16.53,27391396.0,456562025.0,1400000000.0,0.019565282857142857
2022-10-25,16.43,17.3,16.02,16.91,36756635.0,620275495.0,1400000000.0,0.026254739285714285
2022-10-26,16.94,17.7,16.88,17.44,41138301.0,712440110.0,1400000000.0,0.029384500714285715
2022-10-27,17.84,18.82,17.23,17.28,44129534.0,798081815.0,1400000000.0,0.03152109571428571
2022-10-28,17.13,17.6,16.96,17.2,31990248.0,551172124.0,1400000000.0,0.022850177142857142
2022-10-31,17.48,17.52,15.9,16.33,52537697.0,860602596.0,1400000000.0,0.03752692642857143
2022-11-01,16.33,17.11,16.31,16.73,47908079.0,796806749.0,1400000000.0,0.03422005642857143
2022-11-02,16.73,18.1,16.6,17.81,53833972.0,938422555.0,1400000000.0,0.03845283714285714
2022-11-03,17.81,18.55,17.69,18.2,38468255.0,695419026.0,1400000000.0,0.027477325
2022-11-04,18.32,18.84,18.09,18.61,36966311.0,683580082.0,1400000000.0,0.026404507857142857
2022-11-07,18.49,19.03,18.25,18.77,36989935.0,691133372.0,1400000000.0,0.026421382142857143
2022-11-08,18.78,19.0,18.39,18.62,17808804.0,331554150.0,1400000000.0,0.012720574285714286
2022-11-09,18.66,18.78,17.69,17.85,28210114.0,508158493.0,1400000000.0,0.02015008142857143
2022-11-10,17.9,17.94,17.29,17.73,24467046.0,429891157.0,1400000000.0,0.017476461428571427
2022-11-11,18.25,18.36,17.48,17.65,27090272.0,483631924.0,1400000000.0,0.019350194285714287
2022-11-14,17.57,17.76,16.85,17.02,25200896.0,431641069.0,1400000000.0,0.01800064
2022-11-15,16.99,17.61,16.93,17.41,25585592.0,441945752.0,1400000000.0,0.018275422857142856
2022-11-16,17.37,17.56,16.87,16.99,20606169.0,352020784.0,1400000000.0,0.014718692142857143
2022-11-17,16.83,16.93,16.44,16.82,30994572.0,513378228.0,1400000000.0,0.02213898
2022-11-18,16.74,17.38,16.5,17.01,30521497.0,519194829.0,1400000000.0,0.021801069285714285
2022-11-21,17.04,17.3,16.81,17.02,16081054.0,273348605.0,1400000000.0,0.011486467142857143
2022-11-22,16.91,17.01,15.92,16.88,67604292.0,1106887165.0,1400000000.0,0.04828878
2022-11-23,16.91,17.16,16.34,16.91,33680729.0,563500084.0,1400000000.0,0.02405766357142857
2022-11-24,16.79,16.97,16.43,16.55,23721188.0,393145870.0,1400000000.0,0.016943705714285714
2022-11-25,16.5,16.53,16.01,16.02,31936823.0,513558420.0,1400000000.0,0.02281201642857143
2022-11-28,15.84,16.15,15.75,15.92,18542374.0,295562699.0,1400000000.0,0.013244552857142856
2022-11-29,16.0,16.09,15.7,15.75,27314488.0,432353133.0,1400000000.0,0.01951034857142857
2022-11-30,15.78,15.84,14.98,15.1,51300558.0,781140792.0,1400000000.0,0.036643255714285713
2022-12-01,15.4,15.57,15.26,15.38,30498386.0,469732030.0,1400000000.0,0.02178456142857143
2022-12-02,15.32,16.28,15.32,15.91,58612218.0,931193760.0,1400000000.0,0.04186587
2022-12-05,16.31,16.38,15.39,15.63,47897809.0,751431387.0,1400000000.0,0.034212720714285716
2022-12-06,15.52,15.59,15.04,15.22,36488170.0,554421978.0,1400000000.0,0.02606297857142857
2022-12-07,15.2,15.23,14.48,14.66,47543429.0,704451554.0,1400000000.0,0.03395959214285714
2022-12-08,14.62,15.1,14.56,14.6,48417679.0,714403045.0,1400000000.0,0.03458405642857143
2022-12-09,14.68,14.71,14.0,14.06,62354139.0,884340974.0,1400000000.0,0.044538670714285716
2022-12-12,14.17,14.3,13.79,14.07,36601746.0,513969271.0,1400000000.0,0.026144104285714287
2022-12-13,14.09,14.14,13.26,13.28,60834079.0,821740132.0,1400000000.0,0.043452913571428574
2022-12-14,13.34,13.4,12.78,12.94,56352925.0,729759087.0,1400000000.0,0.04025208928571428
2022-12-15,12.93,13.29,12.77,13.27,47871537.0,622421218.0,1400000000.0,0.034193955
2022-12-16,13.13,13.43,13.03,13.18,36474911.0,482552570.0,1400000000.0,0.026053507857142857
2022-12-19,13.13,13.61,13.1,13.35,41542571.0,556118907.0,1400000000.0,0.029673265
2022-12-20,13.37,13.84,13.18,13.76,49729378.0,676938730.0,1400000000.0,0.035520984285714284
2022-12-21,13.76,13.8,13.03,13.17,37150844.0,495938020.0,1400000000.0,0.026536317142857143
2022-12-22,13.17,13.3,12.56,12.59,45155423.0,579005116.0,1400000000.0,0.032253873571428573
2022-12-23,12.28,12.82,12.24,12.46,46608621.0,579197628.0,1400000000.0,0.03329187214285714
2022-12-26,12.56,14.51,12.42,14.35,93653644.0,1279475778.0,1400000000.0,0.06689546
2022-12-27,14.52,15.09,14.43,14.83,64211391.0,946945984.0,1400000000.0,0.04586527928571429
2022-12-28,14.71,14.99,14.63,14.84,41300200.0,611762001.0,1400000000.0,0.029500142857142857
2022-12-29,14.74,15.22,14.67,14.78,30200210.0,450161488.0,1400000000.0,0.021571578571428572
2022-12-30,14.82,15.04,14.6,14.67,27537918.0,407010851.0,1400000000.0,0.019669941428571428
2023-01-03,14.63,15.14,14.38,14.91,46357632.0,686612742.0,1427774700.0,0.03246845037946113
2023-01-04,14.93,15.0,14.42,14.55,31669777.0,462187360.0,1427774700.0,0.022181214585186303
2023-01-05,14.53,15.37,14.45,15.08,52357950.0,786641047.0,1427774700.0,0.0366710167927755
2023-01-06,15.45,17.03,15.38,16.46,97942293.0,1603808787.0,1427774700.0,0.06859786281407003
2023-01-09,16.73,17.14,16.24,16.7,55588741.0,932740533.0,1427774700.0,0.03893383248771672
2023-01-10,16.83,17.22,16.57,16.67,29667205.0,497856432.0,1427774700.0,0.020778631950825296
2023-01-11,16.65,16.68,15.87,15.98,38719972.0,626003160.0,1427774700.0,0.027119104996047347
2023-01-12,16.09,16.31,15.85,16.03,29892887.0,479817688.0,1427774700.0,0.02093669750556583
2023-01-13,16.04,16.38,15.72,16.27,31339612.0,505447972.0,1427774700.0,0.02194997011783442
2023-01-16,16.12,16.25,15.33,15.56,86326035.0,1355929844.0,1427774700.0,0.06046194473119604
2023-01-17,15.71,15.81,15.43,15.7,31497492.0,491698411.0,1427774700.0,0.022060547788106906
2023-01-18,15.67,16.0,15.23,15.81,28612674.0,448843587.0,1427774700.0,0.02004004833535711
2023-01-19,15.69,15.84,15.42,15.6,20186140.0,314082484.0,1427774700.0,0.0141381830060443
2023-01-20,15.62,15.95,15.51,15.75,25965583.0,408926702.0,1427774700.0,0.01818605064230372
2023-01-30,16.07,16.4,15.16,15.32,82219744.0,1277787378.0,1960000000.0,0.041948848979591835
2023-01-31,15.35,16.1,15.27,15.52,63014583.0,987482389.0,1960000000.0,0.03215029744897959
2023-02-01,15.58,16.0,15.46,15.82,54873723.0,863720178.0,1960000000.0,0.027996797448979593
2023-02-02,15.67,15.94,15.02,15.12,73125491.0,1118205610.0,1960000000.0,0.03730892397959184
2023-02-03,15.13,15.22,14.83,15.14,37208668.0,557539810.0,1960000000.0,0.018984014285714286
2023-02-06,15.03,15.07,14.68,14.92,40652105.0,602910719.0,1960000000.0,0.020740869897959185
2023-02-07,14.91,15.26,14.6,14.65,35132051.0,522402623.0,1960000000.0,0.01792451581632653
2023-02-08,14.63,14.77,14.52,14.6,31143528.0,455246362.0,1960000000.0,0.015889555102040816
2023-02-09,14.56,15.02,14.53,14.71,44796952.0,661268582.0,1960000000.0,0.02285558775510204
2023-02-10,14.73,14.74,14.32,14.36,31272590.0,451465586.0,1960000000.0,0.01595540306122449
2023-02-13,14.36,14.69,14.27,14.52,33513849.0,486991654.0,1960000000.0,0.01709890255102041
2023-02-14,14.63,14.71,14.4,14.51,35525287.0,514700990.0,1960000000.0,0.01812514642857143
2023-02-15,14.51,14.8,14.45,14.48,47778228.0,695806772.0,1960000000.0,0.02437664693877551
2023-02-16,14.49,14.9,14.29,14.48,61842187.0,900502052.0,1960000000.0,0.031552136224489796
2023-02-17,14.48,14.54,14.23,14.27,39923901.0,573236524.0,1960000000.0,0.02036933724489796
2023-02-20,14.18,14.75,14.13,14.62,42969993.0,624193136.0,1960000000.0,0.02192346581632653
2023-02-21,14.7,14.95,14.44,14.62,50168659.0,733431618.0,1960000000.0,0.025596254591836735
2023-02-22,14.55,14.72,14.37,14.37,37012300.0,535873499.0,1960000000.0,0.018883826530612245
2023-02-23,14.38,15.22,14.38,15.08,87585311.0,1302591728.0,1960000000.0,0.04468638316326531
2023-02-24,15.12,15.35,14.96,15.1,61313734.0,928969399.0,1960000000.0,0.03128251734693877
2023-02-27,14.97,15.88,14.95,15.63,66296119.0,1034383584.0,1960000000.0,0.03382455051020408
2023-02-28,15.65,15.71,15.22,15.57,65204765.0,1003575276.0,1960000000.0,0.03326773724489796
2023-03-01,15.62,15.66,15.03,15.06,69716187.0,1060184512.0,1960000000.0,0.0355694831632653
2023-03-02,15.27,15.3,14.7,14.72,46603446.0,696405218.0,1960000000.0,0.02377726836734694
2023-03-03,14.87,14.88,14.53,14.59,35542504.0,520985504.0,1960000000.0,0.018133930612244897
2023-03-06,14.62,15.67,14.55,15.44,83242409.0,1263110044.0,1960000000.0,0.04247061683673469
2023-03-07,15.36,15.72,15.24,15.4,48733018.0,752715081.0,1960000000.0,0.024863784693877553
2023-03-08,15.43,15.81,15.3,15.46,53372804.0,825923557.0,1960000000.0,0.02723102244897959
2023-03-09,15.41,15.73,15.32,15.61,34907616.0,543926020.0,1960000000.0,0.017810008163265306
2023-03-10,15.52,16.05,15.14,15.72,65548300.0,1028084068.0,1960000000.0,0.033443010204081636
2023-03-13,15.53,15.77,15.3,15.44,48416073.0,751115331.0,1960000000.0,0.02470207806122449
2023-03-14,15.48,15.52,14.67,15.02,69627015.0,1044160462.0,1960000000.0,0.035523987244897956
2023-03-15,15.17,15.25,14.97,15.03,34059564.0,513063174.0,1960000000.0,0.017377328571428572
2023-03-16,14.95,15.06,13.38,14.01,111715912.0,1557069109.0,1960000000.0,0.05699791428571428
2023-03-17,13.85,13.97,13.21,13.26,94919453.0,1274989195.0,1960000000.0,0.048428292346938774
2023-03-20,13.22,14.24,12.95,13.92,80144816.0,1104859201.0,1960000000.0,0.04089021224489796
2023-03-21,13.93,14.47,13.82,14.38,45336665.0,642280219.0,1960000000.0,0.023130951530612245
2023-03-22,14.61,14.9,14.12,14.3,43252359.0,623560120.0,1960000000.0,0.022067530102040815
2023-03-23,14.17,14.32,13.84,14.12,37932818.0,531827077.0,1960000000.0,0.01935347857142857
2023-03-24,14.11,14.39,13.83,13.94,34381175.0,482760625.0,1960000000.0,0.017541415816326532
2023-03-27,14.12,14.32,13.87,14.1,38598470.0,544346614.0,1960000000.0,0.01969309693877551
2023-03-28,14.09,14.15,13.85,13.89,23419538.0,327180095.0,1960000000.0,0.011948743877551021
2023-03-29,13.98,14.11,13.6,13.73,29568136.0,406870837.0,1960000000.0,0.015085783673469388
2023-03-30,13.73,14.2,13.64,14.03,34939489.0,486646146.0,1960000000.0,0.017826269897959185
2023-03-31,14.1,14.34,13.93,13.95,36656176.0,515933281.0,1960000000.0,0.018702130612244898
2023-04-03,13.97,14.3,13.83,14.16,34760554.0,489278402.0,1960000000.0,0.017734976530612245
2023-04-04,14.19,14.21,13.44,13.65,54291272.0,739649532.0,1960000000.0,0.02769962857142857
2023-04-06,13.67,13.74,13.37,13.69,36185489.0,489308315.0,1960000000.0,0.01846198418367347
2023-04-07,13.61,14.09,13.61,13.74,35457967.0,491269695.0,1960000000.0,0.018090799489795917
2023-04-10,13.74,14.0,13.52,13.75,38195268.0,524139971.0,1960000000.0,0.01948738163265306
2023-04-11,13.74,13.88,13.48,13.63,41295346.0,561387681.0,1960000000.0,0.021069054081632652
2023-04-12,13.64,13.74,13.3,13.34,46602659.0,625802741.0,1960000000.0,0.023776866836734693
2023-04-13,13.38,13.51,13.15,13.17,42250101.0,562276152.0,1960000000.0,0.021556173979591836
2023-04-14,13.18,13.31,12.98,13.13,34949924.0,458684338.0,1960000000.0,0.01783159387755102
2023-04-17,13.1,13.55,13.07,13.48,38198008.0,511068665.0,1960000000.0,0.019488779591836734
2023-04-18,13.49,13.82,13.49,13.64,54308028.0,741159578.0,1960000000.0,0.027708177551020407
2023-04-19,13.58,13.66,13.17,13.35,40297820.0,535925024.0,1960000000.0,0.020560112244897958
2023-04-20,13.12,13.22,12.61,12.65,68525579.0,873281225.0,1960000000.0,0.03496203010204082
2023-04-21,12.62,12.95,12.4,12.45,33417996.0,422530877.0,1960000000.0,0.017049997959183674
2023-04-24,12.82,12.92,12.02,12.36,67886484.0,836056163.0,1960000000.0,0.034635961224489795
2023-04-25,12.33,12.59,11.96,12.02,46408038.0,562935325.0,1960000000.0,0.023677570408163266
2023-04-26,12.09,13.09,11.91,12.75,79292297.0,1001142780.0,1960000000.0,0.040455253571428575
2023-04-27,12.72,12.85,12.48,12.62,41258606.0,520657327.0,1960000000.0,0.02105030918367347
2023-04-28,12.7,12.7,12.38,12.54,36342810.0,453585454.0,1960000000.0,0.01854225
2023-05-04,12.23,12.76,12.12,12.32,54714623.0,679532653.0,1960000000.0,0.027915623979591835
2023-05-05,12.36,12.37,11.93,12.19,42941497.0,520349703.0,1960000000.0,0.021908927040816328
2023-05-08,12.28,12.28,11.93,12.01,36422793.0,437864766.0,1960000000.0,0.018583057653061223
2023-05-09,12.02,12.18,11.66,11.72,41732626.0,492356197.0,1960000000.0,0.02129215612244898
2023-05-10,11.53,11.62,11.14,11.51,60862927.0,690274898.0,1960000000.0,0.031052513775510205
2023-05-11,11.5,12.0,11.41,11.7,42176340.0,494545391.0,1960000000.0,0.02151854081632653
2023-05-12,11.64,11.85,11.33,11.33,28002259.0,322081228.0,1960000000.0,0.014286866836734694
2023-05-15,11.4,12.12,11.32,12.05,54168237.0,645115772.0,1960000000.0,0.0276368556122449
2023-05-16,12.02,12.35,11.93,12.13,35099332.0,425743056.0,1960000000.0,0.017907822448979593
2023-05-17,12.21,12.55,12.14,12.35,40909403.0,504270969.0,1960000000.0,0.0208721443877551
2023-05-18,12.37,12.44,12.12,12.21,37147544.0,454583535.0,1960000000.0,0.018952828571428573
2023-05-19,12.22,12.39,12.09,12.33,21777338.0,266059404.0,1960000000.0,0.011110886734693877
2023-05-22,12.32,12.73,12.24,12.57,32342897.0,404555514.0,1960000000.0,0.01650147806122449
2023-05-23,12.53,13.0,12.5,12.82,45313863.0,580448750.0,1960000000.0,0.023119317857142857
2023-05-24,12.76,13.46,12.7,13.05,80958800.0,1064582889.0,1960000000.0,0.04130551020408163
2023-05-25,13.1,13.85,12.9,13.43,88102954.0,1183053312.0,1960000000.0,0.04495048673469388
2023-05-26,13.32,13.33,12.64,13.08,60410726.0,777022586.0,1960000000.0,0.030821798979591836
2023-05-29,13.02,13.15,12.12,12.36,92772729.0,1151554898.0,1960000000.0,0.047333025
2023-05-30,12.42,12.7,12.14,12.33,45982763.0,565842998.0,1960000000.0,0.02346059336734694
2023-05-31,12.32,12.75,12.12,12.75,77794060.0,974861082.0,1960000000.0,0.03969084693877551
2023-06-01,12.6,12.61,12.19,12.25,52966636.0,651496907.0,1960000000.0,0.02702379387755102
2023-06-02,12.31,12.66,12.21,12.52,40442283.0,504338715.0,1960000000.0,0.020633817857142855
2023-06-05,12.54,12.55,11.98,11.99,46927045.0,569521586.0,1960000000.0,0.023942369897959184
2023-06-06,11.98,12.0,11.62,11.75,58174609.0,686675813.0,1960000000.0,0.029680922959183672
2023-06-07,11.79,11.87,11.51,11.62,42469750.0,492537196.0,1960000000.0,0.02166823979591837
2023-06-08,11.59,11.97,11.57,11.69,60790249.0,715848992.0,1960000000.0,0.031015433163265306
2023-06-09,11.69,12.91,11.58,12.73,159535217.0,1943703320.0,1960000000.0,0.08139551887755102
2023-06-12,12.82,12.86,12.5,12.67,80090979.0,1012475922.0,1960000000.0,0.040862744387755105
2023-06-13,12.67,12.81,12.34,12.46,54814432.0,684631705.0,1960000000.0,0.02796654693877551
2023-06-14,12.51,12.55,12.17,12.2,40517849.0,497506966.0,1960000000.0,0.02067237193877551
2023-06-15,12.23,13.31,12.13,13.18,95031207.0,1225818322.0,1960000000.0,0.04848530969387755
2023-06-16,13.33,13.75,13.31,13.5,106123682.0,1430709378.0,1960000000.0,0.05414473571428571
2023-06-19,13.5,13.74,13.32,13.66,62268361.0,843225548.0,1960000000.0,0.03176957193877551
2023-06-20,13.57,13.72,13.39,13.5,42821964.0,577829952.0,1960000000.0,0.02184794081632653
2023-06-21,13.47,13.67,13.31,13.37,38920797.0,523344158.0,1960000000.0,0.019857549489795918
2023-06-26,13.44,14.32,13.26,13.78,79643247.0,1098771798.0,1960000000.0,0.04063430969387755
2023-06-27,13.78,14.59,13.53,14.05,97335608.0,1380413424.0,1960000000.0,0.04966102448979592
2023-06-28,14.07,14.31,13.83,14.23,61989344.0,872942260.0,1960000000.0,0.031627216326530615
2023-06-29,14.27,14.55,13.9,14.02,58397398.0,827282414.0,1960000000.0,0.02979459081632653
2023-06-30,14.02,14.4,13.75,14.08,45271160.0,640078777.0,1981634300.0,0.022845365565180215
2023-07-03,14.11,14.37,13.88,14.17,52401379.0,739160088.0,1981634300.0,0.02644351634406005
2023-07-04,14.01,14.16,13.6,13.67,52937995.0,729536886.0,1981634300.0,0.026714311010866132
2023-07-05,13.66,13.66,13.21,13.28,51856259.0,692221583.0,1981634300.0,0.026168430269903988
2023-07-06,13.29,13.44,12.9,12.97,47998902.0,624951771.0,1981634300.0,0.02422187686194168
2023-07-07,12.98,12.98,12.51,12.54,46711778.0,591465433.0,1981634300.0,0.023572350357480187
2023-07-10,12.62,13.31,12.54,13.14,48678748.0,634518484.0,1981634300.0,0.024564950253434754
2023-07-11,13.07,13.17,12.8,12.86,29578303.0,380328681.0,1981634300.0,0.014926216709107225
2023-07-12,12.85,13.04,12.37,12.92,57612725.0,732708471.0,1981634300.0,0.029073338607431252
2023-07-13,12.92,13.27,12.88,13.1,40938371.0,536178097.0,1981634300.0,0.02065889301572949
2023-07-14,13.08,13.12,12.38,12.61,63556060.0,796520089.0,1981634300.0,0.03207254739181695
2023-07-17,12.84,12.98,12.53,12.67,62383363.0,788738529.0,1981634300.0,0.03148076463957048
2023-07-18,12.72,12.73,12.39,12.46,37410647.0,464475489.0,1981634300.0,0.018878683619878805
2023-07-19,12.48,12.49,12.14,12.3,35653064.0,433482652.0,1981634300.0,0.017991747518702115
2023-07-20,12.37,12.54,12.31,12.37,28606596.0,352483200.0,1981634300.0,0.01443586034012431
2023-07-21,12.36,12.4,12.11,12.17,32016834.0,387190634.0,1981634300.0,0.016156782308420884
2023-07-24,12.1,12.34,12.03,12.08,22552323.0,271338938.0,1981634300.0,0.011380668471473268
2023-07-25,12.31,12.7,12.28,12.57,43070241.0,535622233.0,1981634300.0,0.02173470705467704
2023-07-26,12.56,12.8,12.47,12.54,25224706.0,315259212.0,1981634300.0,0.012729243735839656
2023-07-27,12.56,12.67,12.43,12.47,16354557.0,203178709.0,1981634300.0,0.008253065159398987
2023-07-28,12.4,12.81,12.31,12.7,30663619.0,382828117.0,1981634300.0,0.015473904039711061
2023-07-31,12.7,12.87,12.51,12.53,35891274.0,450048886.0,1981634300.0,0.018111956378631517
2023-08-01,12.53,12.58,12.13,12.24,43819750.0,533590695.0,1981634300.0,0.02211293476298831
2023-08-02,12.23,12.34,12.16,12.23,22558098.0,273709809.0,1981634300.0,0.011383582732696946
2023-08-03,12.2,12.56,12.2,12.36,32522430.0,400835880.0,1981634300.0,0.016411923229225495
2023-08-04,12.4,12.53,12.23,12.46,37281298.0,458423618.0,1981634300.0,0.01881340971944218
2023-08-07,12.45,12.48,12.24,12.33,23767649.0,290426782.0,1981634300.0,0.01199396326557327
2023-08-08,12.35,12.49,12.17,12.19,25099140.0,304521102.0,1981634300.0,0.012665878865742282
2023-08-09,12.19,12.27,12.06,12.16,17445625.0,210477239.0,1981634300.0,0.008803655144645003
2023-08-10,12.1,12.43,12.1,12.32,23863937.0,291280131.0,1981634300.0,0.012042553462059069
2023-08-11,12.36,12.36,12.06,12.08,26423610.0,318436153.0,1981634300.0,0.01333425143075087
2023-08-14,11.93,12.0,11.69,11.94,31764079.0,372135332.0,1977446300.0,0.016063181589305357
2023-08-15,11.91,11.91,10.41,10.51,131752880.0,1409817348.0,1977446300.0,0.06662779161183796
2023-08-16,10.62,10.74,10.44,10.54,57370008.0,602286376.0,1977446300.0,0.02901216988800151
2023-08-17,10.52,10.83,10.39,10.78,38128042.0,403890455.0,1977446300.0,0.019281455076681477
2023-08-18,10.88,11.05,10.8,10.8,28350143.0,305960400.0,1977446300.0,0.014336744820832808
2023-08-21,10.79,10.83,10.41,10.43,36783717.0,383580895.0,1977446300.0,0.01860162624896565
2023-08-22,10.51,10.53,10.0,10.33,48208692.0,487950578.0,1977446300.0,0.02437926734091338
2023-08-23,10.29,10.29,10.02,10.06,28344960.0,283551347.0,1977446300.0,0.014334123763563137
2023-08-24,10.04,10.58,10.04,10.46,44139347.0,454002492.0,1977446300.0,0.022321388449334883
2023-08-25,10.39,10.61,10.31,10.5,27609463.0,286820788.0,1977446300.0,0.013962180919906649
2023-08-28,11.2,11.29,10.67,10.71,53634796.0,580725934.0,1977446300.0,0.0271232629680007
2023-08-29,10.6,11.08,10.57,11.04,39955828.0,432242384.0,1977446300.0,0.020205771453818997
2023-08-30,11.24,11.38,10.87,11.0,39370918.0,433853179.0,1977446300.0,0.01990998086774847
2023-08-31,10.97,11.09,10.7,10.85,42559438.0,458682246.0,1977446300.0,0.021522424148761966
2023-09-01,10.85,10.89,10.75,10.86,20782735.0,223233404.0,1977446300.0,0.010509885906889102
2023-09-04,10.86,10.94,10.69,10.74,43111775.0,460461598.0,1977446300.0,0.021801742479682
2023-09-05,10.74,10.98,10.63,10.86,35857531.0,384864184.0,1977446300.0,0.018133251456689366
2023-09-06,10.82,10.84,10.6,10.62,35205919.0,372166704.0,1977446300.0,0.017803729486863942
2023-09-07,10.57,10.62,10.21,10.21,46586813.0,476785200.0,1977446300.0,0.02355907869659975
2023-09-08,10.15,10.31,10.1,10.24,22051230.0,223123656.0,1977446300.0,0.011151367296295227
2023-09-11,10.26,10.36,10.14,10.21,39278096.0,397990899.0,1977446300.0,0.01986304052858477
2023-09-12,10.19,10.31,10.02,10.18,34336240.0,346642675.0,1977446300.0,0.017363930438970707
2023-09-13,10.21,10.25,9.89,10.0,38905432.0,386269296.0,1977446300.0,0.019674583324968166
2023-09-14,9.98,10.02,9.81,9.87,28652685.0,281029200.0,1977446300.0,0.014489741137344666
2023-09-15,9.91,10.06,9.82,10.05,35246566.0,348460245.0,1977446300.0,0.01782428478588774
2023-09-18,9.89,10.12,9.77,10.05,33668583.0,333317003.0,1977446300.0,0.017026294468780265
2023-09-19,10.06,10.11,9.89,9.89,20505813.0,202726819.0,1977446300.0,0.01036984569441911
2023-09-20,9.91,10.0,9.84,9.91,15392500.0,151207259.0,1977446300.0,0.007784029331163127
2023-09-21,9.84,10.0,9.81,9.92,20619098.0,203072626.0,1977446300.0,0.010427134228626083
2023-09-22,9.9,10.07,9.84,10.06,25316176.0,250257652.0,1977446300.0,0.012802459414447815
2023-09-25,10.01,10.11,9.91,9.99,25769904.0,255517205.0,1977446300.0,0.013031910904483222
2023-09-26,9.98,10.09,9.83,9.84,22627973.0,222664408.0,1977446300.0,0.011443027808138204
2023-09-27,9.89,10.4,9.88,10.21,63128697.0,639277328.0,1977446300.0,0.031924354658834475
2023-09-28,10.16,10.39,10.14,10.18,26282554.0,266829764.0,1977446300.0,0.01329115941100398
2023-10-09,10.05,10.14,9.81,9.83,37172932.0,365051121.0,1977446300.0,0.01879845333853061
2023-10-10,9.88,9.91,9.35,9.39,55828877.0,527277449.0,1977446300.0,0.02823281572804278
2023-10-11,9.55,9.71,9.4,9.6,48079001.0,456108547.0,1977446300.0,0.024313682247654463
2023-10-12,9.57,9.86,9.53,9.71,32388785.0,311214693.0,1977446300.0,0.016379097121373157
2023-10-13,9.66,9.7,9.38,9.48,24151194.0,226650265.0,1977446300.0,0.012213324832133242
2023-10-16,9.48,9.59,9.31,9.42,23219694.0,216861040.0,1977446300.0,0.011742262735529151
2023-10-17,9.42,9.48,9.31,9.36,23025500.0,214146799.0,1977446300.0,0.011644058298827129
2023-10-18,9.34,9.36,9.15,9.17,31039042.0,284077927.0,1977446300.0,0.015696528396245198
2023-10-19,9.46,9.7,9.3,9.4,57551821.0,541363833.0,1977446300.0,0.029104113219155434
2023-10-20,9.33,9.65,9.22,9.64,69127741.0,655997582.0,1977446300.0,0.03495808761026785
2023-10-23,9.5,9.54,9.22,9.33,38864762.0,359491074.0,1977446300.0,0.019654016394781492
2023-10-24,9.31,9.4,9.19,9.34,26866870.0,248204588.0,1977446300.0,0.013586649609650588
2023-10-25,9.35,9.51,9.31,9.34,22160308.0,206200196.0,1977446300.0,0.01120652833910079
2023-10-26,9.25,9.25,8.99,9.22,30371718.0,274423130.0,1977446300.0,0.015359060825065135
2023-10-27,9.19,9.55,9.11,9.48,36623362.0,340110849.0,1977446300.0,0.018520534287075206
2023-10-30,9.39,9.54,9.33,9.45,39023433.0,364871755.0,3080894300.0,0.012666268037822654
2023-10-31,9.8,9.88,9.43,9.56,99365783.0,948218103.0,3080894300.0,0.03225225318505734
2023-11-01,9.7,9.76,9.23,9.28,73811950.0,690933996.0,3080894300.0,0.02395796246563863
2023-11-02,9.19,9.25,8.95,8.95,52869478.0,475207874.0,3080894300.0,0.017160432280977637
2023-11-03,9.02,9.27,9.02,9.1,59549816.0,538859840.0,3080894300.0,0.019328743605387565
2023-11-06,9.15,9.73,9.13,9.52,121609382.0,1144034309.0,3080894300.0,0.03947210457690808
2023-11-07,9.46,9.47,9.2,9.25,93307903.0,856162282.0,3080894300.0,0.03028597995069159
2023-11-08,9.23,9.87,9.21,9.66,168074542.0,1594298210.0,3080894300.0,0.05455381640324369
2023-11-09,9.67,10.61,9.58,10.19,230169162.0,2316437502.0,3080894300.0,0.07470855523995094
2023-11-10,10.08,10.23,9.98,10.1,83771637.0,838588472.0,3080894300.0,0.027190688430953312
2023-11-13,10.18,10.31,10.04,10.24,71214446.0,719034555.0,3080894300.0,0.023114861811390285
2023-11-14,10.35,10.68,10.19,10.54,125659613.0,1301489839.0,3080894300.0,0.040786732930110585
2023-11-15,10.84,10.88,10.3,10.39,115640646.0,1203538789.0,3080894300.0,0.037534765798359265
2023-11-16,10.33,10.36,10.02,10.1,66632563.0,669233454.0,3080894300.0,0.02162766927771589
2023-11-17,10.01,10.19,10.01,10.11,40754451.0,408629408.0,3080894300.0,0.013228123730177956
2023-11-20,10.1,10.13,9.76,9.85,65987427.0,645967653.0,3080894300.0,0.02141827033793402
2023-11-21,9.85,10.09,9.85,9.93,66141758.0,655299242.0,3080896905.9999995,0.021468345101450795
2023-11-22,9.86,9.92,9.75,9.76,39922121.0,388213383.0,3080896905.9999995,0.01295795419906855
2023-11-23,9.85,10.18,9.84,10.1,79436884.0,790587213.0,3080896905.9999995,0.02578368781029248
2023-11-24,10.03,10.13,9.92,9.96,38268025.0,379624236.0,3080896905.9999995,0.0124210663866985
2023-11-27,9.88,9.91,9.53,9.53,62271866.0,594281802.0,3080896905.9999995,0.020212252438154128
2023-11-28,9.51,9.54,9.26,9.33,61814921.0,573638906.0,3080896905.9999995,0.02006393686189771
2023-11-29,9.34,9.35,9.12,9.14,44406760.0,404082386.0,3080896905.9999995,0.014413581938921265
2023-11-30,9.15,9.21,8.86,8.95,67061543.0,597752059.0,3080896905.9999995,0.021766889657813177
2023-12-01,8.94,8.95,8.8,8.95,39635814.0,348880653.0,3080896905.9999995,0.012865024442333613
2023-12-04,9.01,9.02,8.79,8.79,42782905.0,376730295.0,3080896905.9999995,0.013886509774696111
2023-12-05,8.77,8.9,8.7,8.71,32226643.0,281177932.0,3080896905.9999995,0.010460149749652157
2023-12-06,8.67,8.92,8.64,8.76,45588396.0,397761376.0,3080896905.9999995,0.014797118303834607
2023-12-07,8.73,8.83,8.49,8.8,58345719.0,498540031.0,3080896905.9999995,0.01893790048163332
2023-12-08,8.77,8.81,8.67,8.81,52274067.0,453595695.0,3080896905.9999995,0.016967158783598717
2023-12-11,8.76,8.79,8.59,8.76,37763261.0,325646736.0,3080896905.9999995,0.012257229680894752
2023-12-12,8.77,8.81,8.62,8.66,32133972.0,276938234.0,3086090888.9999995,0.010412516402072825
2023-12-13,8.62,8.62,8.4,8.4,45097778.0,378686299.0,3086090888.9999995,0.014613237141117785
2023-12-14,8.48,8.56,8.41,8.41,25507070.0,214106679.0,3086090888.9999995,0.008265171350240167
2023-12-15,8.46,8.61,8.4,8.44,41019396.0,345184609.0,3086090888.9999995,0.013291700560799655
2023-12-18,8.4,8.48,8.18,8.22,38896816.0,320370955.0,3086090888.9999995,0.012603911355509013
2023-12-19,8.22,8.38,8.17,8.23,36546432.0,299699975.0,3086090888.9999995,0.011842305788940102
2023-12-20,8.26,8.28,8.08,8.1,32317753.0,260978835.0,3086090888.9999995,0.010472067791390316
2023-12-21,8.04,8.41,8.02,8.32,58093021.0,475186956.0,3086090888.9999995,0.018824144553572807
2023-12-22,8.32,8.54,8.23,8.44,51407262.0,427633397.0,3086090888.9999995,0.01665772780161304
2023-12-25,8.45,8.63,8.42,8.54,38285774.0,324406427.0,3086090888.9999995,0.01240591265035811
2023-12-26,8.52,8.58,8.43,8.44,23013613.0,193916711.0,3086090888.9999995,0.007457205191859145
2023-12-27,8.46,8.49,8.19,8.46,29049174.0,242217146.0,3086090888.9999995,0.009412935342747777
2023-12-28,8.42,9.14,8.4,9.06,102687237.0,906840657.0,3086090888.9999995,0.033274210220449546
2023-12-29,9.05,9.1,8.88,8.93,57970971.0,515626222.0,3084655933.0,0.01879333457576904
2024-01-02,8.9,8.96,8.77,8.78,38259340.0,335170933.0,3084655933.0,0.01240311426331126
2024-01-03,8.71,8.86,8.67,8.73,33995870.0,294599913.0,3084655933.0,0.011020960113025351
2024-01-04,8.71,8.74,8.51,8.59,34154805.0,290824713.0,3084655933.0,0.011072484498062819
2024-01-05,8.57,8.68,8.43,8.47,28474144.0,241798322.0,3084655933.0,0.009230897908379462
2024-01-08,8.45,8.62,8.37,8.42,31706500.0,267048572.0,3084655933.0,0.010278780093688978
2024-01-09,8.46,8.76,8.29,8.53,42357781.0,358842569.0,3084655933.0,0.01373176844355691
2024-01-10,8.47,8.72,8.43,8.56,35714114.0,304843216.0,3084655933.0,0.011577989498902081
2024-01-11,8.53,8.76,8.51,8.76,41210431.0,353986890.0,3084655933.0,0.013359814480158426
2024-01-12,8.69,9.04,8.67,8.78,54711464.0,481696923.0,3084655933.0,0.017736650436338958
2024-01-15,8.73,8.87,8.63,8.74,28892529.0,251090466.0,3084655933.0,0.009366532160330895
2024-01-16,8.72,9.12,8.63,8.99,54615342.0,483911573.0,3084655933.0,0.017705489100330075
2024-01-17,8.93,9.03,8.73,8.75,33237546.0,292761536.0,3084655933.0,0.01077512264639338
2024-01-18,8.68,9.18,8.64,9.18,75211275.0,668949845.0,3084655933.0,0.024382387090690155
2024-01-19,9.13,9.34,9.09,9.23,70557647.0,646216056.0,3084655933.0,0.02287374946591815
2024-01-22,9.12,9.18,8.79,8.9,51407458.0,457827586.0,3084655933.0,0.016665540376817126
2024-01-23,8.89,9.43,8.88,9.29,74839485.0,687174000.0,3084655933.0,0.024261858251145185
2024-01-24,9.34,9.39,8.99,9.27,51522529.0,469282300.0,3084655933.0,0.016702844699405896
2024-01-25,9.22,9.26,8.99,9.19,56264457.0,509074560.0,3084655933.0,0.018240107883046676
2024-01-26,9.08,9.3,9.08,9.12,31802227.0,289410725.0,3108644733.0,0.010230254574413601
2024-01-29,9.15,9.16,8.12,8.15,101273573.0,847044843.0,3108644733.0,0.032578046608196964
2024-01-30,8.13,8.32,8.03,8.06,48305487.0,390523927.0,3108644733.0,0.015539082509882934
2024-01-31,8.04,8.22,7.88,8.01,47778114.0,381865813.0,3108644733.0,0.015369435269591484
2024-02-01,7.97,8.21,7.96,8.07,40314572.0,323673940.0,3108644733.0,0.012968536279504153
2024-02-02,8.1,8.15,7.82,8.0,45804998.0,361249959.0,3108644733.0,0.014734716229794406
2024-02-05,8.02,8.05,7.34,7.76,47707434.0,365030470.0,3108644733.0,0.015346698673399035
2024-02-06,7.71,8.25,7.62,8.16,49585410.0,394726497.0,3108644733.0,0.01595081273637453
2024-02-07,8.18,8.35,8.07,8.13,47412134.0,386195505.0,3108644733.0,0.015251705509057925
2024-02-08,8.25,8.36,8.17,8.34,47405181.0,389310984.0,3108644733.0,0.015249468843051613
2024-02-19,8.43,8.43,8.23,8.3,40864556.0,336208548.0,3108644733.0,0.013145457107465487
2024-02-20,8.26,8.27,8.11,8.19,38848693.0,314162956.0,3108644733.0,0.012496987059215686
2024-02-21,8.13,8.46,8.07,8.31,55326842.0,456983848.0,3108644733.0,0.01779773719803832
2024-02-22,8.28,8.59,8.27,8.44,49116317.0,412332105.0,3108644733.0,0.015799913215750538
2024-02-23,8.57,8.85,8.51,8.62,55371895.0,474695175.0,3108644733.0,0.017812230008851255
2024-02-26,8.73,8.74,8.48,8.54,41472940.0,351859210.0,3108644733.0,0.013341164257125164
2024-02-27,8.49,8.67,8.47,8.67,37969751.0,322440512.0,3108644733.0,0.012214245840616617
2024-02-28,8.87,9.07,8.6,8.62,79549318.0,699438292.0,3108644733.0,0.02558971025397002
2024-02-29,8.66,8.9,8.62,8.9,64641074.0,564939353.0,3108644733.0,0.02079397279264462
2024-03-01,8.97,8.97,8.78,8.89,46214341.0,405940176.0,3108644733.0,0.014866395155872576
2024-03-04,8.89,9.05,8.8,8.87,53397206.0,472596206.0,3108644733.0,0.01717700496076597
2024-03-05,8.77,8.87,8.74,8.81,37313425.0,325227800.0,3108644733.0,0.012003116536250398
2024-03-06,8.81,9.31,8.74,9.02,71561742.0,641931260.0,3108644733.0,0.02302023812510067
2024-03-07,9.05,9.12,8.77,8.8,47443397.0,421869941.0,3108644733.0,0.015261762303154762
2024-03-08,8.83,9.21,8.83,9.18,70301264.0,634369966.0,3108644733.0,0.022614763036030723
2024-03-11,9.36,9.53,9.26,9.45,81414872.0,757438102.0,3108644733.0,0.026189828363381528
2024-03-12,9.5,9.51,9.29,9.34,58655007.0,546358293.0,3108644733.0,0.018868353265763804
2024-03-13,9.28,9.38,9.19,9.21,38575851.0,353077393.0,3108644733.0,0.012409218264955077
2024-03-14,9.23,9.27,8.94,9.04,42024700.0,378758332.0,3108644733.0,0.013518656395143627
2024-03-15,8.98,9.1,8.87,9.01,35941132.0,319689945.0,3108644733.0,0.011561672396483525
2024-03-18,9.05,9.13,8.94,9.1,36514072.0,327657263.0,3108644733.0,0.011745977792953544
2024-03-19,9.15,9.27,8.97,8.97,38646540.0,347690801.0,3108644733.0,0.012431957756299841
2024-03-20,8.93,9.09,8.9,8.96,26442431.0,235206386.0,3108644733.0,0.008506096151579764
2024-03-21,8.93,8.95,8.72,8.76,39738604.0,347135718.0,3108644733.0,0.012783256825121419
2024-03-22,8.73,8.75,8.35,8.37,52474904.0,440338701.0,3108644733.0,0.01688031554167306
2024-03-25,8.33,8.38,8.19,8.21,37007344.0,303249010.0,3108644733.0,0.011904655301117678
2024-03-26,8.21,8.4,8.17,8.38,33610113.0,276109672.0,3108644733.0,0.010811821834515177
2024-03-27,8.38,8.41,8.2,8.21,29259588.0,241154411.0,3108644733.0,0.009412329330976014
2024-03-28,8.34,8.51,8.28,8.32,33266980.0,276241601.0,3108644733.0,0.010701441578978912
2024-03-29,8.28,8.42,8.27,8.35,21027465.0,173976713.0,3108647279.0,0.006764184905134745
2024-04-01,8.32,8.45,8.31,8.45,39470042.0,329292469.0,3108647279.0,0.01269685443782379
2024-04-02,8.44,8.45,8.28,8.31,28786821.0,238225303.0,3108647279.0,0.009260240360643372
2024-04-03,8.3,8.33,8.04,8.11,44646114.0,360099831.0,3108647279.0,0.014361910500943648
2024-04-08,8.08,8.1,7.92,7.92,38932845.0,308743938.0,3108647279.0,0.012524047119467361
2024-04-09,7.93,8.12,7.93,8.11,25568763.0,204234328.0,3108647279.0,0.008225044755873701
2024-04-10,8.11,8.17,7.93,7.98,20073248.0,159579334.0,3108647279.0,0.006457229205642536
2024-04-11,7.97,8.03,7.87,7.87,23491392.0,184922741.0,3108647279.0,0.007556789140631223
2024-04-12,7.87,7.9,7.48,7.55,54162182.0,410781935.0,3108647279.0,0.017423070917657494
2024-04-15,7.58,7.77,7.53,7.7,39892366.0,303532696.0,3108647279.0,0.012832709027327381
2024-04-16,7.67,7.71,7.51,7.56,27423633.0,206523793.0,3108647279.0,0.008821725509116533
2024-04-17,7.6,7.79,7.58,7.79,32158938.0,246770048.0,3108647279.0,0.010344994177128064
2024-04-18,7.78,7.96,7.64,7.9,38092973.0,296642016.0,3108647351.0,0.012253874016216772
2024-04-19,7.84,7.88,7.64,7.69,30861213.0,236418543.0,3108647351.0,0.009927537451320254
2024-04-22,7.7,7.83,7.57,7.59,34589226.0,263603157.0,3108647351.0,0.011126777049469192
2024-04-23,7.68,7.81,7.5,7.56,34717054.0,260805517.0,3108647351.0,0.011167897184874348
2024-04-24,7.61,7.62,7.39,7.6,30799132.0,230471172.0,3108647351.0,0.009907567029142895
2024-04-25,7.61,7.76,7.54,7.65,34311885.0,261292093.0,3108647351.0,0.011037561075868717
2024-04-26,7.66,7.74,7.54,7.74,45404656.0,345865285.0,3108647351.0,0.014605920477082767
2024-04-29,7.27,7.72,7.27,7.61,93460930.0,697356234.0,3108647351.0,0.030064822235283516
2024-04-30,7.57,7.71,7.43,7.63,72277653.0,539192015.0,3108647351.0,0.023250515365388576
2024-05-06,7.69,7.89,7.68,7.84,65225916.0,505550499.0,3108647351.0,0.020982089196774897
2024-05-07,7.82,7.93,7.76,7.92,53681074.0,419135677.0,3108647351.0,0.01726830609548931
2024-05-08,7.93,7.94,7.68,7.68,56866649.0,437712670.0,3108647495.0,0.018293051589627084
2024-05-09,7.67,8.12,7.67,8.01,89977749.0,710588095.0,3108647495.0,0.02894433966692
2024-05-10,8.01,8.11,7.91,8.09,50224373.0,399308572.0,3108647495.0,0.016156342293805172
2024-05-13,7.88,7.99,7.86,7.93,44566174.0,349833802.0,3108647495.0,0.014336194139631775
2024-05-14,7.98,8.0,7.87,7.91,28377283.0,222442124.0,3108647495.0,0.00912849817988128
2024-05-15,7.97,8.1,7.79,7.81,33042514.0,258976989.0,3108647495.0,0.010629225106142181
2024-05-16,7.83,7.85,7.72,7.74,33034081.0,254987083.0,3108647495.0,0.010626512350831853
2024-05-17,7.67,7.68,7.38,7.55,77737483.0,579302747.0,3108647495.0,0.02500685044703018
2024-05-20,7.54,7.6,7.45,7.56,50576888.0,377084939.0,3108647495.0,0.01626974048403645
2024-05-21,7.53,7.54,7.43,7.43,31807519.0,235091473.0,3108647495.0,0.010231947832991596
2024-05-22,7.54,8.46,7.51,8.23,177420819.0,1397980792.0,3108647495.0,0.05707331541622734
2024-05-23,8.15,8.17,7.88,7.95,78305383.0,620858716.0,3108647495.0,0.02518953439589007
2024-05-24,8.21,8.45,8.01,8.08,119493729.0,973816946.0,3108647495.0,0.03843913766105539
2024-05-27,8.07,8.1,7.69,7.92,77049697.0,600365905.0,3108647495.0,0.024785601173477535
2024-05-28,7.86,7.99,7.69,7.74,53701532.0,414373239.0,3108647495.0,0.0172748862926319
2024-05-29,7.83,8.27,7.83,8.05,116190459.0,936000166.0,3108647495.0,0.037376530850436615
2024-05-30,8.14,8.22,8.0,8.08,68727653.0,551376717.0,3108647567.0000005,0.0221085380438689
2024-05-31,8.09,8.27,8.02,8.22,65058431.0,524969824.0,3108647567.0000005,0.02092821061178853
2024-06-03,8.19,8.73,8.1,8.61,167630795.0,1412672023.0,3108647567.0000005,0.053924026891788206
2024-06-04,8.59,8.95,8.46,8.82,111467515.0,960903188.0,3108647567.0000005,0.035857237785102705
2024-06-05,8.85,8.97,8.65,8.84,76872359.0,675065213.0,3108647567.0000005,0.024728553926808002
2024-06-06,8.86,8.87,8.49,8.6,90607959.0,777628009.0,3108647567.0000005,0.029147067027428003
2024-06-07,8.65,8.82,8.48,8.73,65555969.0,549380756.0,3108647567.0000005,0.02108826027624121
2024-06-11,8.72,9.02,8.64,8.81,81671637.0,699605687.0,3108647567.0000005,0.026272401499285166
2024-06-12,8.85,9.11,8.67,8.93,86915787.0,750034922.0,3108647567.0000005,0.02795935696367088
2024-06-13,8.95,9.27,8.95,9.05,115624326.0,1018766451.0,3108647567.0000005,0.03719441445450931
2024-06-14,8.97,9.29,8.49,8.56,273742406.0,2324607079.0,3108647567.0000005,0.08805835981728062
2024-06-17,8.48,8.67,8.33,8.59,101845093.0,835976204.0,3108647567.0000005,0.03276186534657114
2024-06-18,8.56,8.74,8.47,8.58,46879686.0,389375159.0,3108647567.0000005,0.015080411976466418
2024-06-19,8.54,8.64,8.42,8.51,43438000.0,357309135.0,3108647567.0000005,0.013973279075157378
2024-06-20,8.47,8.53,8.28,8.46,51549579.0,418752431.0,3108647567.0000005,0.016582638555501454
2024-06-21,8.51,8.66,8.27,8.41,47282441.0,385143031.0,3108647567.0000005,0.015209971532935754
2024-06-24,8.31,8.36,8.15,8.18,41134396.0,327039340.0,3108647567.0000005,0.013232248144390564
2024-06-25,8.15,8.21,7.79,7.83,54324348.0,415975284.0,3108647567.0000005,0.017475235397116984
2024-06-26,7.77,7.8,7.49,7.62,68999396.0,506478702.0,3108647567.0000005,0.022195953228171132
2024-06-27,7.58,7.58,7.35,7.38,45792992.0,328461400.0,3108647567.0000005,0.014730840667214171
2024-06-28,7.38,7.53,7.35,7.35,42467802.0,304569014.0,3108647863.0,0.013661181282532417
2024-07-01,7.36,7.58,7.32,7.53,37691602.0,271692480.0,3108647863.0,0.012124757663489659
2024-07-02,7.47,7.55,7.4,7.42,24842771.0,178815987.0,3108647863.0,0.007991503732438027
2024-07-03,7.43,7.51,7.38,7.43,19610330.0,140865385.0,3108647863.0,0.006308315018052593
2024-07-04,7.48,7.5,7.36,7.38,22226457.0,159048243.0,3108647863.0,0.007149879297859862
2024-07-05,7.34,7.49,7.34,7.4,23046750.0,164890707.0,3108647863.0,0.0074137538298592424
2024-07-08,7.38,7.38,7.07,7.08,33546730.0,232228671.0,3108647863.0,0.01079142169792938
2024-07-09,7.08,7.53,6.95,7.52,49684244.0,347040067.0,3108647863.0,0.01598258991999571
2024-07-10,7.42,7.71,7.36,7.5,37523298.0,274419171.0,3108647863.0,0.012070617082948773
2024-07-11,7.61,7.77,7.54,7.64,29936729.0,221516876.0,3108647863.0,0.009630144782982774
2024-07-12,7.65,7.75,7.58,7.66,21740725.0,160607544.0,3108647863.0,0.006993627441295045
2024-07-15,7.65,7.65,7.47,7.52,15391401.0,111915976.0,3108647863.0,0.004951156154800541
2024-07-16,7.52,7.64,7.43,7.62,25585594.0,186886199.0,3108647863.0,0.008230457461755937
2024-07-17,8.13,8.26,7.77,7.77,59997193.0,462330607.0,3108647863.0,0.019300093044987
2024-07-18,7.63,7.94,7.54,7.83,48315963.0,361429655.0,3108647863.0,0.01554243681797162
2024-07-19,7.78,7.82,7.59,7.8,46071546.0,342858059.0,3108647863.0,0.014820445425278456
2024-07-22,7.72,7.79,7.64,7.72,29194356.0,216956967.0,3108647863.0,0.00939133581113494
2024-07-23,7.68,7.76,7.52,7.52,22599747.0,166757978.0,3108647863.0,0.00726996044453556
2024-07-24,7.51,7.54,7.25,7.26,29849869.0,211697950.0,3108647863.0,0.009602203374425751
2024-07-25,7.3,7.71,7.23,7.59,46800749.0,340468681.0,3108647863.0,0.015055017828502115
2024-07-26,7.51,7.67,7.51,7.6,25135616.0,184195935.0,3108647863.0,0.00808570706871343
2024-07-29,7.59,7.61,7.41,7.41,19140356.0,138514735.0,3108647863.0,0.006157132246406514
2024-07-30,7.43,7.46,7.23,7.28,33882180.0,238897975.0,3108647863.0,0.010899330349788157
2024-07-31,7.31,7.58,7.19,7.57,51754788.0,370727631.0,3108647863.0,0.016648649278035003
2024-08-01,7.54,7.57,7.37,7.41,29205535.0,210138958.0,3108647863.0,0.009394931908374853
2024-08-02,7.34,7.43,7.22,7.27,35745793.0,252205703.0,3108647863.0,0.011498823467738648
2024-08-05,7.21,7.42,7.17,7.2,39993755.0,281267247.0,3108647863.0,0.012865321761276633
2024-08-06,7.22,7.43,7.22,7.36,46974778.0,333898782.0,3108647863.0,0.015111000045745612
2024-08-07,7.33,7.35,7.25,7.28,25131269.0,176798536.0,3108647863.0,0.008084308711552511
2024-08-08,7.26,7.35,7.21,7.29,27471069.0,193395664.0,3108647863.0,0.008836983219285909
2024-08-09,7.32,7.33,7.16,7.17,31949736.0,222559591.0,3108647863.0,0.010277695450898357
2024-08-12,7.23,7.3,7.16,7.18,18936637.0,131618469.0,3108647863.0,0.006091599252970776
2024-08-13,7.12,7.21,7.06,7.17,27742598.0,190738070.0,3108647863.0,0.008924329555045522
2024-08-14,7.23,7.31,7.13,7.14,20562586.0,142869765.0,3108647863.0,0.006614639838992919
2024-08-15,7.11,7.28,7.09,7.24,32903345.0,229451884.0,3108647863.0,0.010584455509298707
2024-08-16,7.23,7.29,7.2,7.27,24162599.0,169355319.0,3108647863.0,0.007772703781470407
2024-08-19,7.25,7.28,7.2,7.23,13946006.0,97234403.0,3108647863.0,0.004486196769337975
2024-08-20,7.24,7.26,7.14,7.19,17310767.0,120220853.0,3108647863.0,0.005568584079926713
2024-08-21,7.17,7.2,7.13,7.14,14584762.0,100938437.0,3108647863.0,0.004691673886126484
2024-08-22,7.18,7.19,7.0,7.01,21894185.0,149179917.0,3108647863.0,0.007042992955423076
2024-08-23,7.04,7.07,6.96,7.04,16227045.0,110236804.0,3108647863.0,0.00521996884662906
2024-08-26,7.06,7.19,7.04,7.13,17648068.0,121533475.0,3108647863.0,0.0056770881675123975
2024-08-27,7.07,7.2,7.06,7.17,21100897.0,145461088.0,3108647863.0,0.006787805480044492
2024-08-28,7.12,7.22,7.09,7.19,16716530.0,115538275.0,3108647863.0,0.005377427980494297
2024-08-29,7.24,7.36,7.16,7.3,27614758.0,194467359.0,3108647863.0,0.008883205566213725
2024-08-30,7.29,7.46,7.24,7.45,43628650.0,311265178.0,3108647863.0,0.014034606659467753
2024-09-02,7.4,7.48,7.27,7.29,29348602.0,208466103.0,3108647863.0,0.0094409541683107
2024-09-03,7.3,7.58,7.22,7.38,36132873.0,257212362.0,3108647863.0,0.01162334062666396
2024-09-04,7.27,7.41,7.24,7.25,27353297.0,193142561.0,3108647863.0,0.008799097937584576
2024-09-05,7.25,7.37,7.22,7.28,19715300.0,138880078.0,3108647863.0,0.006342082110571943
2024-09-06,7.29,7.29,7.09,7.09,19741833.0,136402102.0,3108647863.0,0.006350617332690795
2024-09-09,7.09,7.14,7.02,7.06,13950041.0,95374083.0,3108647863.0,0.004487494761319642
2024-09-10,7.09,7.1,6.91,7.01,18527803.0,125186772.0,3108647863.0,0.005960084196258803
2024-09-11,6.99,7.06,6.9,6.94,18744315.0,126046636.0,3108647863.0,0.006029732483727122
2024-09-12,6.97,7.17,6.96,6.97,25644060.0,174758927.0,3108647863.0,0.008249264995634534
2024-09-13,6.97,7.01,6.68,6.82,39716360.0,261223201.0,3108647863.0,0.012776088431473783
2024-09-18,6.74,6.75,6.49,6.56,24994234.0,158614687.0,3108647863.0,0.008040226845082196
2024-09-19,6.6,6.8,6.54,6.73,27512253.0,178006509.0,3108647863.0,0.008850231422947115
2024-09-20,6.72,6.72,6.52,6.63,26229097.0,166945883.0,3108647863.0,0.008437461609012098
2024-09-23,6.63,6.63,6.44,6.49,20717687.0,130168255.0,3108647863.0,0.006664533235361821
2024-09-24,6.53,6.76,6.5,6.76,42523023.0,273836334.0,3108647863.0,0.013678944954210145
2024-09-25,6.79,7.02,6.78,6.82,44812763.0,298711187.0,3108647863.0,0.014415515997605934
2024-09-26,6.82,7.17,6.77,7.17,44889435.0,302941224.0,3108647863.0,0.014440180097040473
2024-09-27,7.24,7.75,7.23,7.66,47874287.0,346578972.0,3108647863.0,0.015400357039410353
2024-09-30,8.11,9.16,8.08,9.12,149864318.0,1243522002.0,3108647863.0,0.0482088433957822
2024-10-08,10.95,10.95,9.98,10.91,196418471.0,1994152797.0,3108647863.0,0.06318453541741663
2024-10-09,10.02,10.64,9.43,9.43,146298609.0,1421436643.0,3108647863.0,0.04706181447609011
2024-10-10,9.64,10.05,9.4,9.42,92772108.0,865545204.0,3108647863.0,0.02984323477232648
2024-10-11,9.52,9.52,8.96,9.26,65735790.0,585117837.0,3108647863.0,0.021146103674979027
2024-10-14,9.29,9.42,8.87,9.15,66544690.0,587623238.0,3108647863.0,0.021406313269519393
2024-10-15,9.14,9.2,8.85,8.89,48975757.0,427785324.0,3108647863.0,0.015754681507327742
2024-10-16,8.7,8.8,8.37,8.45,65661974.0,539887174.0,3108647863.0,0.02112235830295456
2024-10-17,8.51,8.59,8.36,8.39,49608854.0,404710816.0,3108647863.0,0.015958338218509248
2024-10-18,8.35,8.97,8.25,8.85,100919794.0,835079392.0,3108647863.0,0.03246420902192742
2024-10-21,9.01,9.56,8.91,9.22,126074629.0,1128821433.0,3108647863.0,0.0405560985213461
2024-10-22,9.08,9.5,8.68,9.47,121553770.0,1062475214.0,3108647863.0,0.03910181382933947
2024-10-23,9.32,10.71,9.13,9.79,172920917.0,1643757562.0,3108647863.0,0.05562576548413647
2024-10-24,9.74,9.92,9.32,9.32,96876026.0,896047952.0,3108647863.0,0.03116339652137692
2024-10-25,9.37,10.71,9.32,10.13,208111833.0,2040292742.0,3108647863.0,0.06694609430582521
2024-10-28,10.21,10.21,9.65,9.85,104053463.0,984877807.0,3108647863.0,0.03347225790301743
2024-10-29,10.39,10.77,9.7,9.72,107852553.0,1051014720.0,3108647863.0,0.03469436158520602
2024-10-30,9.42,9.79,9.37,9.51,68471036.0,631780362.0,3108647863.0,0.02202598654384805
2024-10-31,9.7,10.02,9.7,9.81,100541508.0,957899304.0,3108649494.0,0.032342503776657684
2024-11-01,9.77,9.85,9.47,9.53,64242103.0,595576235.0,3108649494.0,0.020665598718669825
2024-11-04,9.42,9.73,9.38,9.47,53923661.0,496271622.0,3108649494.0,0.01734633032899913
2024-11-05,9.53,9.71,9.42,9.61,71181856.0,658536705.0,3108649494.0,0.02289799996345294
2024-11-06,9.63,9.79,9.43,9.45,78821647.0,729440173.0,3108649494.0,0.02535559160083295
2024-11-07,9.14,9.16,8.7,9.15,112180520.0,970766298.0,3108649494.0,0.03608657721512813
2024-11-08,9.17,9.4,9.16,9.26,92976680.0,833430168.0,3108649494.0,0.029909026469357242
2024-11-11,9.18,9.51,9.12,9.38,98659542.0,891840512.0,3108649494.0,0.03173710712334171
2024-11-12,9.42,9.64,9.23,9.33,97468175.0,891187597.0,3108649494.0,0.03135386449586008
2024-11-13,9.35,9.42,9.16,9.36,71791758.0,643635796.0,3108649494.0,0.023094195128323464
2024-11-14,9.37,9.48,9.04,9.06,58216250.0,518606633.0,3108649494.0,0.01872718365720005
2024-11-15,9.06,9.11,8.73,8.74,48016683.0,415028536.0,3108649494.0,0.015446155345810755
2024-11-18,8.7,8.87,8.56,8.6,47409470.0,398321952.0,3108649494.0,0.015250825186790905
2024-11-19,8.64,9.02,8.63,8.96,57003849.0,487306338.0,3108649494.0,0.018337174747433908
2024-11-20,8.96,9.08,8.87,8.98,44635929.0,386669691.0,3108649494.0,0.01435862392532569
2024-11-21,9.3,9.36,8.94,9.06,59360399.0,521371142.0,3108649494.0,0.01909523705215767
2024-11-22,9.06,9.06,8.71,8.71,46103043.0,394799103.0,3108649494.0,0.014830569702046955
2024-11-25,8.7,8.91,8.67,8.91,41724006.0,352539007.0,3108649494.0,0.013421907513385296
2024-11-26,8.83,9.05,8.75,8.79,33366533.0,286313651.0,3108649494.0,0.010733449706826291
2024-11-27,8.86,9.1,8.73,9.06,49921788.0,432450540.0,3108649494.0,0.01605899542433265
2024-11-28,9.1,9.18,9.01,9.03,36639763.0,320733656.0,3108649494.0,0.011786392473875988
2024-11-29,9.09,9.13,8.93,9.06,49083392.0,428806344.0,3108649494.0,0.015789297601654925
2024-12-02,8.97,9.12,8.71,9.1,49764841.0,431846577.0,3108649494.0,0.01600850822714206
2024-12-03,9.27,9.4,9.1,9.22,54406989.0,483297152.0,3108649494.0,0.01750180877741632
2024-12-04,9.23,9.29,8.95,8.99,49806039.0,437483123.0,3108649494.0,0.01602176092741577
2024-12-05,9.01,9.11,8.92,9.1,30222885.0,263324295.0,3108649494.0,0.009722191278988882
2024-12-06,9.11,9.18,8.81,9.16,55676040.0,484551930.0,3108649494.0,0.017910041034687327
2024-12-09,9.16,9.16,8.92,8.98,31389654.0,273923569.0,3108649494.0,0.010097521145624531
2024-12-10,9.25,9.31,8.95,8.98,43524157.0,382539314.0,3108649494.0,0.014000985664033823
2024-12-11,8.96,9.04,8.92,8.95,28991494.0,251169576.0,3108649494.0,0.00932607360719066
2024-12-12,8.97,8.97,8.85,8.91,29836177.0,256624263.0,3108649494.0,0.00959779385150586
2024-12-13,8.91,8.97,8.69,8.86,54067339.0,458860401.0,3108649494.0,0.017392549113161616
2024-12-16,8.84,8.86,8.63,8.65,38915249.0,326847423.0,3108649494.0,0.012518377859938944
2024-12-17,8.65,8.68,8.52,8.53,23598706.0,195601236.0,3108649494.0,0.0075913048561916776
2024-12-18,8.63,8.63,8.41,8.45,26473508.0,217162575.0,3108649494.0,0.008516080069849136
2024-12-19,8.35,8.46,8.3,8.41,30774462.0,249189702.0,3108649494.0,0.009899624277165292
2024-12-20,8.39,8.43,8.19,8.21,49371781.0,395210335.0,3108649494.0,0.015882067468620184
2024-12-23,8.2,8.23,8.04,8.05,37277027.0,292767191.0,3108649716.0,0.011991388675326712
2024-12-24,8.09,8.34,8.08,8.18,43658062.0,346552777.0,3108649716.0,0.014044059636341479
2024-12-25,8.28,8.33,7.99,8.06,32419490.0,252575693.0,3108649716.0,0.010428801235835347
2024-12-26,8.02,8.06,7.86,7.87,39006107.0,298853828.0,3108649716.0,0.012547604446791908
2024-12-27,7.89,7.89,7.61,7.69,64585292.0,482739412.0,3108649716.0,0.020775995335718937
2024-12-30,7.66,7.71,7.52,7.57,46078061.0,337447061.0,3108649716.0,0.014822532356360217
2024-12-31,7.57,7.65,7.36,7.36,52417158.0,378668532.0,3108649716.0,0.016861712572572136
2025-01-02,7.36,7.42,7.2,7.26,53715256.0,378935838.0,3108649716.0,0.01727928872897174
2025-01-03,7.29,7.36,7.18,7.18,37024602.0,259655057.0,3108649716.0,0.011910187825098787
2025-01-06,7.19,7.32,7.1,7.17,36572777.0,254100923.0,3108649716.0,0.011764843369699232
2025-01-07,7.14,7.18,6.95,7.03,49684605.0,338026465.0,3108649716.0,0.015982696520703783
2025-01-08,7.0,7.1,6.89,6.98,40185866.0,271211605.0,3108649716.0,0.012927112949769217
2025-01-09,6.97,7.06,6.83,6.88,43987374.0,294393382.0,3108649716.0,0.01414999373316334
2025-01-10,6.84,6.9,6.59,6.6,48774182.0,315925663.0,3108649716.0,0.015689828850437133
2025-01-13,6.59,6.71,6.52,6.63,40297392.0,258199414.0,3108649716.0,0.012962988976400969
2025-01-14,6.65,6.78,6.6,6.77,71368301.0,460905330.0,3108649716.0,0.022957974529157276
2025-01-15,6.77,6.88,6.6,6.84,102776300.0,668567110.0,3108649790.0,0.033061395442681885
2025-01-16,6.78,7.1,6.76,6.98,82778913.0,557445991.0,3108649790.0,0.026628574652019583
2025-01-17,7.01,7.03,6.7,6.75,79148736.0,518935342.0,3108649790.0,0.025460808179360726
2025-01-20,6.75,6.82,6.61,6.64,48787895.0,315058469.0,3108649790.0,0.015694239716851476
2025-01-21,6.68,6.7,6.46,6.47,54997742.0,346942428.0,3108649790.0,0.01769184234805684
2025-01-22,6.45,6.47,6.34,6.42,43513882.0,269066448.0,3108649790.0,0.013997679037367539
2025-01-23,6.45,6.53,6.37,6.37,57378762.0,357199279.0,3108649790.0,0.018457776165259194
2025-01-24,6.37,6.48,6.32,6.4,54593844.0,338359204.0,3108649790.0,0.017561915200489664
2025-01-27,6.38,6.52,6.34,6.34,50086713.0,309983844.0,10005201790.0,0.005006067248944511
2025-02-05,6.37,6.44,6.23,6.33,51291030.0,313767185.0,10005201790.0,0.00512643633547345
2025-02-06,6.31,6.5,6.24,6.49,70091294.0,433179696.0,10005201790.0,0.007005485293665427
2025-02-07,6.47,6.93,6.45,6.77,124797713.0,811828506.0,10005201790.0,0.012473282960143075
2025-02-10,6.78,6.78,6.62,6.67,79740443.0,512978570.0,10005201790.0,0.007969898526154564
2025-02-11,6.68,6.69,6.49,6.52,64690481.0,409252020.0,10005201790.0,0.0064656847865534155
2025-02-12,6.55,6.61,6.41,6.56,61745699.0,387605586.0,10005201790.0,0.006171359688288706
2025-02-13,6.56,6.6,6.49,6.5,47880292.0,302625998.0,10005201790.0,0.004785539862659781
2025-02-14,6.5,6.71,6.5,6.58,64419040.0,410705771.0,10005201790.0,0.006438554799003209
2025-02-17,6.61,6.71,6.53,6.67,72025312.0,461808755.0,10005201790.0,0.007198786542415153
2025-02-18,6.7,6.73,6.5,6.53,70329481.0,450435528.0,10005201790.0,0.00702929161011954
2025-02-19,6.5,6.64,6.45,6.6,66807752.0,422400139.0,10005201790.0,0.0066773018078229085
2025-02-20,6.58,6.58,6.47,6.5,52953669.0,333078452.0,10005201790.0,0.005292613793449537
2025-02-21,6.51,6.56,6.44,6.51,84361997.0,530431321.0,10005201790.0,0.0084318136476086
2025-02-24,6.53,6.64,6.46,6.63,83062658.0,525918608.0,10005201790.0,0.008301947301354728
2025-02-25,6.58,6.84,6.5,6.76,106651061.0,690964452.0,10005201790.0,0.010659561220104087
2025-02-26,6.85,7.54,6.85,7.36,184600964.0,1269697786.0,10005201790.0,0.018450498837964967
2025-02-27,7.33,7.33,7.13,7.32,123418506.0,860349024.0,10005201790.0,0.012335433966294846
2025-02-28,7.25,7.39,7.11,7.14,97690991.0,685914084.0,10005201790.0,0.009764020061808269
2025-03-03,7.16,7.32,7.04,7.08,86908177.0,601370157.0,10005201790.0,0.008686299269532275
2025-03-04,7.04,7.05,6.89,6.92,83109678.0,557570621.0,10005201790.0,0.008306646856744706
2025-03-05,6.97,7.01,6.79,6.85,61464212.0,408468812.0,10005201790.0,0.006143225623038633
2025-03-06,6.89,7.13,6.78,7.06,97961546.0,659706839.0,10005201790.0,0.009791061495422373
2025-03-07,7.01,7.05,6.89,6.91,68511450.0,459151942.0,10005201790.0,0.006847583031106462
2025-03-10,6.91,7.03,6.9,6.98,55140963.0,370645938.0,10005201790.0,0.005511229474163359
2025-03-11,6.91,7.05,6.83,7.05,54982814.0,368483678.0,10005201790.0,0.0054954227964651575
2025-03-12,7.05,7.09,6.95,6.96,43750796.0,295282740.0,10005201790.0,0.004372804958689394
2025-03-13,6.95,6.99,6.85,6.94,50107406.0,334726570.0,10005201790.0,0.005008135473097739
2025-03-14,6.95,7.12,6.92,7.09,70723189.0,481242677.0,10005201790.0,0.007068641940903822
2025-03-17,7.16,7.33,7.16,7.17,73414891.0,512425260.0,10005201790.0,0.0073376721970142295
2025-03-18,7.27,7.38,7.19,7.31,68576122.0,482052938.0,10005201790.0,0.006854046868753859
2025-03-19,7.27,7.36,7.21,7.24,48390474.0,339003057.0,10005201790.0,0.004836531537861167
2025-03-20,7.26,7.32,7.13,7.17,50567086.0,353055169.0,10005201790.0,0.005054079573941307
2025-03-21,7.12,7.25,7.1,7.19,49981444.0,346055786.0,10005201790.0,0.004995545821969874
2025-03-24,7.2,7.2,7.02,7.11,48997785.0,335567943.0,10005201790.0,0.004897231063242753
2025-03-25,7.12,7.25,7.05,7.19,45072086.0,312996892.0,10005201790.0,0.004504865263691998
2025-03-26,7.17,7.34,7.16,7.27,53444595.0,374638349.0,10005201790.0,0.005341680869786835
2025-03-27,7.22,7.24,7.09,7.11,41271601.0,284933246.0,10005201790.0,0.0041250143541582684
2025-03-28,7.11,7.2,7.04,7.08,31939673.0,219290381.0,10005201790.0,0.003192306729077975
2025-03-31,7.06,7.07,6.7,6.71,58037723.0,381688540.0,10005202086.0,0.0058007546975198596
2025-04-01,6.71,6.91,6.71,6.87,46594556.0,307893983.0,10005202086.0,0.004657032971397796
2025-04-02,6.87,6.89,6.73,6.75,38053188.0,249350996.0,10005202086.0,0.0038033402696829844
2025-04-03,6.67,6.72,6.58,6.59,41090082.0,263284256.0,10005202086.0,0.004106871769986156
2025-04-07,6.21,6.21,5.31,5.64,114338204.0,638495938.0,10005202086.0,0.011427875520874311
2025-04-08,5.7,5.88,5.7,5.87,84849988.0,475668171.0,10005202086.0,0.00848058712564419
2025-04-09,5.73,5.99,5.59,5.99,67521702.0,381436150.0,10005202086.0,0.006748659489295197
2025-04-10,6.27,6.29,6.09,6.17,58232190.0,346354266.0,10005202086.0,0.005820191286439149
2025-04-11,6.17,6.18,6.08,6.14,37488335.0,221920647.0,10005202086.0,0.003746884338543884
2025-04-14,6.18,6.25,6.12,6.13,45055379.0,268421933.0,10005202086.0,0.00450319529907794
2025-04-15,6.17,6.18,6.1,6.16,32396865.0,191800707.0,10005202086.0,0.00323800206347976
2025-04-16,6.14,6.18,6.01,6.18,41344496.0,242118479.0,10005202086.0,0.004132299942032376
2025-04-17,6.11,6.13,6.05,6.11,35182281.0,206833916.0,10005202086.0,0.003516398839082879
2025-04-18,6.09,6.12,6.03,6.09,20772775.0,121847490.0,10005202086.0,0.002076197444234211
2025-04-21,6.09,6.12,6.04,6.06,21109035.0,123647441.0,10005202086.0,0.002109805960794863
2025-04-22,6.05,6.07,5.87,5.88,48609888.0,280840083.0,10005202086.0,0.0048584613866039204
2025-04-23,5.93,6.11,5.9,6.05,47378858.0,274967444.0,10005202086.0,0.004735422392546765
2025-04-24,6.02,6.09,5.97,5.97,25234172.0,146683031.0,10005202086.0,0.002522105179195678
2025-04-25,5.95,6.05,5.94,5.97,29377427.0,169829935.0,10005202086.0,0.0029362152555726
2025-04-28,5.96,5.97,5.84,5.88,31580490.0,179628523.0,10005202086.0,0.003156407009928335
2025-04-29,5.86,5.93,5.83,5.83,23935160.0,135710384.0,10005202086.0,0.0023922715197818743
2025-04-30,5.61,5.82,5.61,5.67,40084330.0,220846713.0,10005202086.0,0.004006348862866937
2025-05-06,5.71,5.76,5.59,5.74,45687734.0,251540637.0,10005202086.0,0.0045663979205307174
2025-05-07,5.94,5.95,5.78,5.82,49360687.0,278580679.0,10005202086.0,0.004933502249701586
2025-05-08,5.78,5.96,5.77,5.93,42455378.0,242276621.0,10005202086.0,0.0042433303830421
2025-05-09,5.94,5.94,5.78,5.78,32813672.0,185216723.0,10005202086.0,0.0032796610920948067
2025-05-12,5.85,5.99,5.83,5.96,42033312.0,240262032.0,10005202086.0,0.004201145727862512
2025-05-13,6.03,6.32,6.01,6.03,82032764.0,487668215.0,10005202086.0,0.008199011203860256
2025-05-14,6.01,6.03,5.87,5.96,43624487.0,250139099.0,10005202086.0,0.004360180496608112
2025-05-15,5.96,5.96,5.81,5.82,31445256.0,178038479.0,10005202308.0,0.0031428905715236636
2025-05-16,5.82,5.86,5.8,5.81,22557795.0,126934513.0,10005202308.0,0.0022546065842130097
2025-05-19,5.8,5.81,5.72,5.78,25655144.0,142630235.0,10005202308.0,0.002564180434361288
2025-05-20,5.77,5.79,5.73,5.74,29840369.0,165485747.0,10005202308.0,0.0029824853192763645
2025-05-21,5.74,5.77,5.65,5.65,36952559.0,203381574.0,10005202308.0,0.003693334513631306
2025-05-22,5.64,5.66,5.55,5.56,32116446.0,173356199.0,10005202308.0,0.0032099746723082455
2025-05-23,5.56,5.62,5.5,5.5,29345800.0,157434270.0,10005202308.0,0.002933054134900957
2025-05-26,5.52,5.54,5.42,5.43,35437271.0,186864310.0,10005202308.0,0.003541884502591709
2025-05-27,5.44,5.44,5.33,5.38,33321737.0,172876870.0,10005202308.0,0.003330441101961174
2025-05-28,5.39,5.43,5.34,5.35,19680875.0,102127843.0,10005202308.0,0.0019670641726318204
2025-05-29,5.37,5.47,5.35,5.45,27300683.0,142857171.0,10005202308.0,0.002728648772865973
2025-05-30,5.45,5.46,5.37,5.38,27644748.0,144231315.0,10005202308.0,0.002763037382851889
2025-06-03,5.33,5.35,5.27,5.29,43552950.0,223439374.0,10005202308.0,0.004353030419502438
2025-06-04,5.31,5.34,5.27,5.34,32248213.0,165300361.0,10005202308.0,0.003223144520947352
2025-06-05,5.36,5.36,5.29,5.33,28916293.0,148444070.0,10005202308.0,0.0028901257675598415
2025-06-06,5.34,5.42,5.3,5.35,41613239.0,215127312.0,10005202308.0,0.004159160176773909
2025-06-09,5.35,5.48,5.33,5.42,55595168.0,290887350.0,10005202308.0,0.005556626071973277
2025-06-10,5.41,5.44,5.3,5.3,47688293.0,246838503.0,10005202308.0,0.0047663496980834864
2025-06-11,5.31,5.43,5.31,5.41,45684741.0,237724669.0,10005202308.0,0.004566098674833512
2025-06-12,5.38,5.41,5.31,5.33,40399600.0,208261783.0,10005202308.0,0.004037859381183839
2025-06-13,5.34,5.34,5.19,5.24,68796995.0,349179194.0,10005202308.0,0.006876122329379689
2025-06-16,5.21,5.27,5.17,5.19,48641363.0,244352767.0,10005202308.0,0.004861607142227113
2025-06-17,5.2,5.25,5.13,5.21,43016106.0,216073237.0,10005202308.0,0.004299373933259201
2025-06-18,5.19,5.27,5.17,5.18,43652631.0,220013031.0,10005202308.0,0.004362993336486165
2025-06-19,5.2,5.24,5.07,5.07,45187430.0,224434296.0,10005202308.0,0.004516393433031219
2025-06-20,5.1,5.26,5.06,5.13,83359693.0,415753465.0,10005202308.0,0.008331634926896673
2025-06-23,5.08,5.12,5.02,5.05,54224799.0,264631307.0,10005202308.0,0.005419660425720999
2025-06-24,5.07,5.19,5.05,5.19,70330036.0,347343502.0,10005202308.0,0.007029346717333764
2025-06-25,5.17,5.26,5.14,5.25,75493595.0,379101561.0,10005202308.0,0.007545434132764765
2025-06-26,5.24,5.27,5.18,5.19,61096189.0,307870972.0,10005202308.0,0.006106442140719979
2025-06-27,5.21,5.34,5.19,5.24,72861227.0,371446437.0,10005202308.0,0.0072823342054504315
2025-06-30,5.28,5.42,5.28,5.37,79759894.0,412330314.0,10005202308.0,0.0079718422021537
2025-07-01,5.35,5.37,5.26,5.27,58472364.0,298893850.0,10005202308.0,0.005844196069203562
2025-07-02,5.29,5.5,5.28,5.48,129617494.0,676460538.0,10005202308.0,0.012955009804885197
2025-07-03,5.54,5.54,5.43,5.48,69096995.0,364809714.0,10005202308.0,0.0069061067305706695
2025-07-04,5.54,5.58,5.44,5.46,77801079.0,411858013.0,10005202308.0,0.007776062552757329
2025-07-07,5.42,5.55,5.41,5.48,63445390.0,336928805.0,10005202308.0,0.006341240091594158
2025-07-08,5.47,5.83,5.47,5.74,121554779.0,665453191.0,10005202308.0,0.012149157534056732
2025-07-09,5.7,5.82,5.67,5.67,66692792.0,368689544.0,10005202308.0,0.006665811439582137
2025-07-10,5.66,5.85,5.66,5.73,99842942.0,555624789.0,10005202308.0,0.009979102763386122
2025-07-11,5.75,5.78,5.67,5.67,67612700.0,372687422.0,10005202308.0,0.006757754408018114
2025-07-14,5.67,5.71,5.59,5.62,57417205.0,312716635.0,10005202308.0,0.0057387350332826475
2025-07-15,5.61,5.66,5.48,5.52,57987353.0,310355932.0,10005202308.0,0.005795720187850098
2025-07-16,5.52,5.54,5.48,5.53,41245894.0,219610632.0,10005202308.0,0.004122444777255573
2025-07-17,5.6,5.73,5.57,5.63,83502319.0,454246551.0,10005202308.0,0.008345890110910888
2025-07-18,5.59,5.73,5.51,5.53,67961948.0,366510252.0,10005202308.0,0.006792661048508605
2025-07-21,5.54,5.63,5.53,5.6,61450815.0,331642498.0,10005202308.0,0.0061418863015758225
2025-07-22,5.6,5.78,5.54,5.76,106705980.0,584644389.0,10005202308.0,0.010665049712655946
2025-07-23,5.78,5.83,5.64,5.65,90183478.0,500577985.0,10005202308.0,0.009013658617166664
2025-07-24,5.64,5.89,5.62,5.85,113693637.0,635346825.0,10005202308.0,0.011363452082232498
2025-07-25,5.85,5.86,5.72,5.74,78632424.0,438316758.0,10005202308.0,0.007859153826117717
2025-07-28,5.73,5.75,5.63,5.68,64331854.0,353142907.0,10005202308.0,0.006429840398985364
2025-07-29,5.7,5.78,5.63,5.77,69607422.0,383393506.0,10005202308.0,0.006957122890393032
2025-07-30,5.76,5.79,5.65,5.67,64853929.0,358461252.0,10005202308.0,0.006482020753157968
2025-07-31,5.65,5.66,5.41,5.42,111250221.0,591922590.0,10005202308.0,0.011119237530164293
2025-08-01,5.42,5.55,5.42,5.51,68137707.0,361342300.0,10005202308.0,0.006810227809738357
2025-08-04,5.46,5.47,5.38,5.44,50091784.0,261823008.0,10005202308.0,0.005006573826093192
2025-08-05,5.44,5.53,5.43,5.53,53003562.0,280262832.0,10005202308.0,0.005297600225196765
2025-08-06,5.51,5.6,5.48,5.58,47484385.0,254447383.0,10005202308.0,0.004745969500489985
2025-08-07,5.61,5.61,5.48,5.51,46979505.0,250712924.0,10005202308.0,0.004695507752245643
2025-08-08,5.52,5.58,5.49,5.5,53180003.0,284166203.0,10005202308.0,0.005315235150965225
2025-08-11,5.53,5.68,5.51,5.65,80057243.0,434809860.0,10005202308.0,0.008001561641186157
2025-08-12,5.65,5.65,5.54,5.54,63202055.0,339826437.0,10005202308.0,0.006316919244048133
2025-08-13,5.56,5.59,5.5,5.55,55334393.0,296015249.0,10005202308.0,0.005530562131238016
2025-08-14,5.55,5.55,5.41,5.41,86680767.0,457754048.0,10005202308.0,0.008663569644233125
2025-08-15,5.41,5.64,5.41,5.61,122192272.0,655906754.0,10005202308.0,0.012212873686951538
2025-08-18,5.65,5.91,5.64,5.84,149213596.0,835251215.0,10005202308.0,0.014913601085376474
2025-08-19,5.82,5.86,5.75,5.77,72862625.0,407386422.0,10005202308.0,0.0072824739327599815
2025-08-20,5.83,5.88,5.7,5.81,91140168.0,508503561.0,10005202308.0,0.009109277873084663
2025-08-21,5.81,5.87,5.76,5.79,75996240.0,426322577.0,10005202308.0,0.007595672497220233
2025-08-22,5.76,5.89,5.75,5.89,109824715.0,618165329.0,10005202308.0,0.010976761050817125
2025-08-25,5.9,6.04,5.84,5.93,118061628.0,677293754.0,10005202308.0,0.011800024064041145
2025-08-26,5.92,6.0,5.87,5.94,78885002.0,453227367.0,10005202308.0,0.007884398493064434
2025-08-27,5.91,6.0,5.74,5.74,105389477.0,598735530.0,10005202308.0,0.010533467865585512
2025-08-28,5.72,5.85,5.58,5.81,131116120.0,725299545.0,10005202308.0,0.013104794482282647
2025-08-29,5.8,5.91,5.75,5.87,118103418.0,664444740.0,10005202308.0,0.011804200891127048
2025-09-01,5.86,5.9,5.78,5.89,80614647.0,453644933.0,10005202308.0,0.008057273058391014
2025-09-02,5.89,5.99,5.72,5.75,106515613.0,601559146.0,10005202308.0,0.010646022910984201
2025-09-03,5.76,5.9,5.74,5.81,114341024.0,641900948.0,10005202308.0,0.011428157120678583
2025-09-04,5.81,6.21,5.8,5.9,240932309.0,1397558155.0,10005202308.0,0.024080703376417923
2025-09-05,5.91,6.29,5.9,6.25,242166676.0,1440386513.0,10005202308.0,0.024204075894234282
2025-09-08,6.33,6.36,6.17,6.31,179460315.0,1084343006.0,10005202308.0,0.01793670027606602
2025-09-09,6.24,6.33,6.1,6.15,136778917.0,817422414.0,10005202308.0,0.01367077973931959
2025-09-10,6.11,6.12,5.9,5.95,114307856.0,660339983.0,10005202308.0,0.011424842045282909
2025-09-11,5.92,6.03,5.91,6.03,97408217.0,562280752.0,10005202308.0,0.009735756859420418
2025-09-12,6.01,6.03,5.89,5.89,116357955.0,669228612.0,10005202308.0,0.01162974534827367
2025-09-15,5.85,5.99,5.66,5.7,195625680.0,1094968880.0,10005202308.0,0.019552396241261493
2025-09-16,5.75,5.84,5.6,5.65,134617053.0,739970770.0,10005202308.0,0.013454705747665127
2025-09-17,5.65,5.79,5.59,5.68,126043124.0,692408518.0,10005202308.0,0.012597758657935176
2025-09-18,5.65,5.72,5.48,5.54,155521081.0,842003903.0,10005202308.0,0.015544021621196788
2025-09-19,5.57,5.59,5.49,5.54,92923435.0,495799117.0,10005202678.0,0.009287511506820872
2025-09-22,5.54,5.54,5.35,5.36,110991301.0,580239120.0,10005202678.0,0.011093358582735548
2025-09-23,5.36,5.38,5.19,5.28,115016575.0,583568608.0,10005202678.0,0.0114956766695896
2025-09-24,5.25,5.52,5.23,5.51,148336506.0,772889092.0,10005202678.0,0.014825937142300037
2025-09-25,5.49,5.71,5.48,5.6,143284415.0,779145473.0,10005202678.0,0.014320990749648859
2025-09-26,5.57,5.66,5.52,5.55,76792833.0,413332585.0,10005202678.0,0.007675290093708585
2025-09-29,5.52,5.67,5.5,5.61,81147016.0,438632371.0,10005202678.0,0.008110481977384686
2025-09-30,5.61,5.79,5.58,5.76,108553410.0,601064679.0,10005202678.0,0.010849696252400096
2025-10-09,5.78,6.06,5.72,6.01,159801444.0,918697438.0,10005202678.0,0.015971834768662943
2025-10-10,5.97,6.01,5.83,5.85,125381398.0,716308314.0,10005202678.0,0.012531620001631315
2025-10-13,5.64,5.8,5.61,5.77,101919965.0,561100326.0,10005202678.0,0.01018669668972397
2025-10-14,5.85,6.42,5.82,6.03,237064189.0,1407373736.0,10005202678.0,0.023694091627076183
2025-10-15,6.01,6.23,5.89,6.08,161243064.0,944487700.0,10005202678.0,0.016115921804817634
2025-10-16,6.04,6.1,5.99,6.03,96032610.0,559526299.0,10005202678.0,0.009598267330572112
2025-10-17,5.97,6.09,5.67,5.7,147078143.0,827262431.0,10005202678.0,0.014700166276831518
2025-10-20,5.77,5.79,5.62,5.64,79364972.0,435914346.0,10005202678.0,0.007932370243184793
2025-10-21,5.64,5.72,5.62,5.65,75771728.0,414067826.0,10005202678.0,0.007573232690889023
2025-10-22,5.65,5.65,5.53,5.54,71317573.0,383655999.0,10005202678.0,0.0071280488057295505
2025-10-23,5.5,5.55,5.42,5.54,72489025.0,383757332.0,10005202678.0,0.007245133090546274
2025-10-24,5.56,5.63,5.52,5.53,69721557.0,374625166.0,10005202678.0,0.0069685301981245885
2025-10-27,5.58,5.71,5.58,5.66,96086571.0,523538810.0,10005202678.0,0.009603660624614886
2025-10-28,5.65,5.67,5.57,5.61,65171831.0,353814203.0,10005202678.0,0.00651379418263095
2025-10-29,5.61,6.1,5.59,6.03,207765414.0,1185199914.0,10005202678.0,0.020765737655354673
2025-10-30,6.01,6.13,5.96,6.05,174393175.0,1022041482.0,10005202678.0,0.017430249102645914
2025-10-31,5.96,6.25,5.95,6.02,132510912.0,783566299.0,10005202678.0,0.013244200668855257
2025-11-03,6.11,6.34,6.07,6.33,171940758.0,1029689743.0,10005202678.0,0.017185134927658482
2025-11-04,6.33,6.41,6.11,6.15,117382735.0,705823036.0,10005202678.0,0.011732169629917416
2025-11-05,6.07,6.59,6.06,6.41,209205929.0,1282160909.0,10005202678.0,0.02090971424896906
2025-11-06,6.61,6.81,6.44,6.49,225578213.0,1430054692.0,10005202678.0,0.022546091294683514
2025-11-07,6.49,6.75,6.39,6.53,188865978.0,1203352023.0,10005202678.0,0.018876776820852325
2025-11-10,6.65,6.72,6.51,6.55,175711356.0,1123154365.0,10005202678.0,0.01756199865759481
2025-11-11,6.61,6.8,6.6,6.61,159589083.0,1030892804.0,10005202678.0,0.015950609711376802
2025-11-12,6.58,6.62,6.12,6.27,207868381.0,1264442754.0,10005202678.0,0.020776029001098862
2025-11-13,6.34,6.49,6.29,6.39,133151049.0,821615577.0,10005202678.0,0.013308181081906515
2025-11-14,6.33,6.89,6.3,6.49,189680741.0,1203599828.0,10005202678.0,0.01895821075339939
2025-11-17,6.54,6.65,6.38,6.48,129442774.0,809713688.0,10005202678.0,0.012937546411191252
2025-11-18,6.62,6.93,6.44,6.53,197745835.0,1267008527.0,10005202678.0,0.01976430077071948
2025-11-19,6.47,6.63,6.24,6.38,141493287.0,870389827.0,10005202678.0,0.01414197108781448
2025-11-20,6.38,6.41,6.08,6.08,125292386.0,749266307.0,10005202678.0,0.012522723430230946
2025-11-21,5.99,6.05,5.74,5.77,118081749.0,666468337.0,10005202678.0,0.011802034681380795
2025-11-24,5.83,5.86,5.72,5.76,80503645.0,448147814.0,10005202678.0,0.008046178332500542
2025-11-25,5.8,5.9,5.76,5.84,72235172.0,407603849.0,10005202678.0,0.007219760990832774
2025-11-26,5.83,5.9,5.79,5.81,60819712.0,343025210.0,10005202678.0,0.006078808591627413
2025-11-27,5.82,5.9,5.8,5.8,68317235.0,385841085.0,10005202678.0,0.006828171022484108
2025-11-28,5.8,5.86,5.75,5.83,54712672.0,306762125.0,10005202678.0,0.005468422156035408
2025-12-01,5.86,6.03,5.86,5.91,88958553.0,510853222.0,10005202678.0,0.008891229479599354
2025-12-02,5.93,5.93,5.75,5.8,65118820.0,364087741.0,10005202678.0,0.006508495839188436
2025-12-03,5.78,5.81,5.62,5.63,64528452.0,354832422.0,10005202678.0,0.0064494897381628035
2025-12-04,5.61,5.64,5.5,5.53,50753923.0,272414834.0,10005202678.0,0.00507275310989957
2025-12-05,5.57,5.64,5.51,5.63,63509397.0,343404281.0,10005202678.0,0.006347637228743803
2025-12-08,5.62,5.7,5.6,5.67,47660290.0,260437731.0,10005202678.0,0.004763550677968585
2025-12-09,5.65,5.71,5.57,5.68,52667992.0,286751644.0,10005202678.0,0.005264060478835609
2025-12-10,5.7,5.7,5.55,5.61,51150554.0,276955020.0,10005202678.0,0.00511239558519616
2025-12-11,5.64,5.68,5.57,5.57,47994006.0,260978697.0,10005202678.0,0.004796904924827951
2025-12-12,5.57,5.65,5.56,5.62,51807145.0,281314928.0,10005202678.0,0.005178020542643924
2025-12-15,5.6,5.72,5.58,5.62,45842783.0,250814142.0,10005202678.0,0.004581894487834982
2025-12-16,5.6,5.62,5.48,5.48,49238985.0,262275451.0,10005202678.0,0.004921338086260805
2025-12-17,5.5,5.56,5.46,5.56,42217814.0,224626808.0,10005202678.0,0.004219586085230527
2025-12-18,5.53,5.58,5.5,5.55,32537926.0,174401430.0,10005202678.0,0.003252100636756336
2025-12-19,5.54,5.64,5.54,5.63,36002334.0,195140220.0,10005202678.0,0.0035983612884888327
2025-12-22,5.61,5.66,5.59,5.63,45943638.0,250054423.0,10005202678.0,0.004591974743402594
2025-12-23,5.64,5.65,5.55,5.57,51462079.0,277841906.0,10005203066.0,0.005143531686516196
2025-12-24,5.57,5.66,5.52,5.64,47771125.0,258892846.0,10005203066.0,0.004774628229419687
2025-12-25,5.63,5.94,5.6,5.82,94265175.0,525670867.0,10005203066.0,0.00942161537133963
2025-12-26,5.95,6.04,5.89,5.92,114000366.0,656313829.0,10005203066.0,0.01139410817031787
2025-12-29,6.18,6.45,6.1,6.15,208788218.0,1262983211.0,10005203066.0,0.02086796406057072
2025-12-30,6.09,6.13,5.93,5.95,108901361.0,630821128.0,10005203066.0,0.010884472836945417
2025-12-31,5.97,6.01,5.83,5.84,73280239.0,416199391.0,10005203695.0,0.007324212603149805
2026-01-05,5.96,5.97,5.88,5.9,81176165.0,463461423.0,10005203695.0,0.00811339453694151
2026-01-06,5.92,6.3,5.9,6.23,159380414.0,944651767.0,10005203695.0,0.015929752042894315
2026-01-07,6.21,6.32,6.1,6.29,136893813.0,819774368.0,10005203695.0,0.013682261468440798
2026-01-08,6.29,6.89,6.22,6.62,252463316.0,1613306826.0,10005203695.0,0.025233201011806088
2026-01-09,6.53,6.71,6.34,6.4,211219408.0,1324711509.0,10005203695.0,0.021110955302744587
2026-01-12,6.37,6.9,6.37,6.63,241829033.0,1559462559.0,10005203695.0,0.024170325799648798
2026-01-13,6.66,6.71,6.36,6.48,169998659.0,1063447126.0,10005203695.0,0.016991024289186148
2026-01-14,6.45,6.67,6.3,6.38,176873084.0,1107051342.0,10005203695.0,0.017678109251128046
2026-01-15,6.32,6.4,6.19,6.23,143528452.0,868501739.0,10005203695.0,0.014345380301625134
2026-01-16,6.29,6.35,6.14,6.17,160819298.0,965247795.0,10005203695.0,0.016073565606702023
2026-01-19,6.11,6.25,6.09,6.16,126530545.0,752597993.0,10005203695.0,0.012646473660824354
2026-01-20,6.14,6.21,5.81,5.84,182517487.0,1047140763.0,10005203695.0,0.0182422559863735
2026-01-21,5.78,5.87,5.71,5.74,119101663.0,664358926.0,10005203695.0,0.01190397183612762
2026-01-22,5.72,6.07,5.7,5.95,179816015.0,1025457596.0,10005203695.0,0.017972249289623283
2026-01-23,5.96,7.14,5.96,7.14,575412145.0,3768276564.0,10005203695.0,0.05751128738014164
2026-01-26,7.25,7.32,6.78,6.93,464017787.0,3144346043.0,10005203695.0,0.04637764518796236
2026-01-27,6.83,7.23,6.62,7.07,358172144.0,2388291231.0,10005204009.0,0.03579858478425955
2026-01-28,7.04,7.21,6.85,6.88,214422475.0,1448558343.0,10005204009.0,0.021431094739009834
2026-01-29,6.84,7.31,6.73,6.98,305991816.0,2074951541.0,10005204009.0,0.030583266040827416
2026-01-30,6.88,6.95,6.39,6.55,245143213.0,1559486089.0,10005204009.0,0.024501570660576823
2026-02-02,6.64,6.79,6.39,6.4,179103248.0,1137115059.0,10005204009.0,0.0179010090987541
2026-02-03,6.5,7.37,6.49,7.25,372819430.0,2489520541.0,10005204009.0,0.037262551534645076
2026-02-04,7.23,8.7,7.21,8.7,543745576.0,4138046830.0,10005204009.0,0.054346275749188475
2026-02-05,8.08,8.69,7.83,8.17,620785355.0,4955183686.0,10005204009.0,0.06204624657743948
2026-02-06,7.88,9.07,7.87,8.63,532674119.0,4374181866.0,10005204009.0,0.05323970590912915
2026-02-09,9.13,10.0,8.78,8.84,611119749.0,5462700768.0,10005204009.0,0.06108018871482064
2026-02-10,8.81,8.96,8.38,8.41,428246638.0,3525714757.0,10005204009.0,0.042802389398035115
2026-02-11,8.49,8.8,8.21,8.28,311653938.0,2544990566.0,10005204009.0,0.03114918373674913
2026-02-12,8.19,8.46,8.1,8.31,273989250.0,2185964274.0,10005204009.0,0.027384673991008874
2026-02-13,8.18,8.26,7.85,7.86,246588872.0,1897679424.0,10005204009.0,0.024646061367482906
2026-02-24,7.97,8.17,7.82,7.86,217165574.0,1671228225.0,10005204009.0,0.021705261962140166
2026-02-25,7.87,8.02,7.76,7.87,230960415.0,1753071191.0,10005204009.0,0.023084028550766557
2026-02-26,7.8,7.86,7.63,7.67,218080574.0,1623941398.0,10005204009.0,0.021796714370224693
2026-02-27,7.68,7.93,7.65,7.81,225321732.0,1698113987.0,10005204009.0,0.022520453535711606
2026-03-02,7.56,7.94,7.43,7.62,256751194.0,1901790989.0,10005204009.0,0.025661764994401325
2026-03-03,7.65,7.92,7.4,7.51,247806443.0,1829422185.0,10005204009.0,0.02476775513793524
2026-03-04,7.27,7.46,7.17,7.35,199483810.0,1407421881.0,10005204009.0,0.019938005244126752
2026-03-05,7.48,7.51,7.27,7.3,148249322.0,1054720151.0,10005204009.0,0.014817221304697537
2026-03-06,7.29,7.76,7.2,7.6,216417199.0,1574966981.0,10005204009.0,0.021630463387385786
2026-03-09,7.46,7.85,7.4,7.7,220499877.0,1636645375.0,10005204009.0,0.02203851883496362
2026-03-10,7.7,8.86,7.52,8.53,422307569.0,3314692379.0,10005204009.0,0.0422087914069639
2026-03-11,8.49,9.11,8.4,8.68,412435132.0,3488951965.0,10005204009.0,0.04122206120225049
2026-03-12,8.68,8.83,8.47,8.54,297471955.0,2472362247.0,10005204009.0,0.029731723084548252
2026-03-13,8.48,8.55,8.16,8.17,291701815.0,2350015583.0,10267100940.0,0.028411312667974996
2026-03-16,8.25,8.31,7.83,7.87,214341500.0,1648359381.0,10267100940.0,0.020876535767262068
2026-03-17,7.93,8.12,7.64,7.66,207245287.0,1577617432.0,10267100940.0,0.020185375424973662
2026-03-18,7.66,7.75,7.29,7.41,257162671.0,1849690384.0,10267100940.0,0.025047252627867903
2026-03-19,7.32,7.81,7.29,7.48,345066028.0,2514511434.0,10267100940.0,0.03360890576770739
2026-03-20,7.47,8.36,7.43,7.88,515730994.0,3938337177.0,10267100940.0,0.05023141362044503
2026-03-23,7.91,8.17,7.68,7.79,413827288.0,3175378249.0,10267100940.0,0.04030614780339347
2026-03-24,8.06,8.26,7.46,8.01,372071348.0,2832152444.0,10267100940.0,0.036239182820384346
2026-03-25,8.01,8.37,7.88,8.01,321103174.0,2512369893.0,10267100940.0,0.03127496027130712
2026-03-26,8.05,8.06,7.53,7.55,238124356.0,1779253425.0,10269406283.0,0.023187743228563432
2026-03-27,7.45,7.97,7.42,7.87,246384511.0,1834748658.0,10269406283.0,0.02399208914422497
2026-03-30,7.79,7.85,7.26,7.33,273694644.0,1959550498.0,10269406283.0,0.026651457392729196
2026-03-31,7.31,7.31,6.73,6.74,251181115.0,1694658031.0,10269406283.0,0.02445916619501225
2026-04-01,6.89,7.33,6.8,7.06,210599737.0,1430598757.0,10269406283.0,0.02050748905987168
2026-04-02,6.96,7.07,6.84,6.91,122847452.0,822781195.0,10269406283.0,0.011962468775177584
2026-04-03,6.93,6.98,6.48,6.48,160663316.0,1025373059.0,10269406283.0,0.01564484952416017
2026-04-07,6.47,6.56,6.36,6.42,108066325.0,673662699.0,10269406283.0,0.010523132693551452
2026-04-08,6.64,6.93,6.58,6.87,201618332.0,1314563080.0,10269406283.0,0.01963291026217937
2026-04-09,6.76,6.77,6.62,6.67,127003792.0,820296211.0,10269406283.0,0.01236719908630379
2026-04-10,6.73,6.93,6.73,6.76,134848757.0,887149191.0,10269406283.0,0.013131115206068822
2026-04-13,6.71,7.04,6.7,6.91,147268537.0,976211030.0,10269406283.0,0.014340511315029838
2026-04-14,6.89,6.93,6.79,6.87,120479174.0,796600129.0,10269406283.0,0.011731853885208683
2026-04-15,6.9,6.99,6.81,6.94,151019522.0,1005909014.0,10269406283.0,0.014705769529247088
2026-04-16,6.94,7.4,6.9,7.39,256738130.0,1775017428.0,10269406283.0,0.02500028949336681
2026-04-17,7.14,7.34,7.1,7.2,179927854.0,1252410091.0,10269406283.0,0.017520764983059732
2026-04-20,7.23,7.32,7.09,7.2,143642252.0,1002696811.0,10269406283.0,0.013987395964437177
2026-04-21,7.2,7.3,7.06,7.11,115195721.0,793655756.0,10269406283.0,0.011217369127823415
2026-04-22,7.05,7.09,6.95,7.0,126839849.0,857290070.0,10269406283.0,0.012351234872260433
2026-04-23,7.2,7.25,6.97,6.97,161671553.0,1106007355.0,10269406283.0,0.01574302822818798
2026-04-24,6.94,7.02,6.79,6.82,130624511.0,868239809.0,10269406283.0,0.012719772438669228
2026-04-27,6.74,6.78,6.56,6.65,139481185.0,894986920.0,10269406283.0,0.013582205354061946
2026-04-28,6.6,6.72,6.4,6.44,118817841.0,746888419.0,10269406283.0,0.01157007890482348
2026-04-29,6.42,6.71,6.29,6.65,150920204.0,954126427.0,10269406283.0,0.014696098278810302
2026-04-30,6.65,6.96,6.65,6.89,179572416.0,1187845842.0,10269406283.0,0.01748615363453529
2026-05-06,6.93,6.99,6.78,6.95,181447848.0,1204409220.0,10269406283.0,0.01766877685035884
2026-05-07,6.96,7.11,6.95,7.0,171056083.0,1159331646.0,10269406283.0,0.01665686197294255
2026-05-08,6.96,7.47,6.92,7.4,314754097.0,2208613881.0,10269406283.0,0.030649687852066454
2026-05-11,7.33,7.86,7.33,7.64,254267340.0,1861230490.0,10269406283.0,0.024759692332059623
2026-05-12,7.72,7.86,7.51,7.68,224360699.0,1652725004.0,10269406283.0,0.021847484929231716
2026-05-13,7.61,8.04,7.48,7.88,240287542.0,1797719498.0,10269406283.0,0.02339838695424609
2026-05-14,7.78,8.11,7.62,7.63,272407165.0,2071210032.0,10269411161.0,0.026526074448602943
2026-05-15,7.64,7.64,6.85,7.07,331760810.0,2279824060.0,10269411161.0,0.032305728614696376
2026-05-18,7.07,7.22,6.84,6.97,181666435.0,1232544537.0,10269411161.0,0.01769005370920507
2026-05-19,7.02,7.04,6.78,6.99,162518997.0,1081802607.0,10269411161.0,0.01582554193732121
2026-05-20,6.9,6.96,6.73,6.87,162956277.0,1074804246.0,10269411161.0,0.01586812276236994
2026-05-21,6.89,6.97,6.52,6.53,166345751.0,1090828505.0,10269411161.0,0.01619817810311549
2026-05-22,6.56,7.04,6.51,6.94,229114330.0,1500160308.0,10269411161.0,0.022310366817340443
2026-05-25,6.91,6.95,6.59,6.64,175545580.0,1132480163.0,10269411161.0,0.017094025864566317
2026-05-26,6.56,6.61,6.32,6.46,173826126.0,1080140209.0,10269411161.0,0.016926591337596556
2026-05-27,6.45,6.71,6.3,6.33,155590462.0,972125081.0,10269411161.0,0.015150864987360107
2026-05-28,6.32,6.54,6.18,6.44,154229619.0,948312682.0,10269411161.0,0.015018350768320162
2026-05-29,6.43,6.47,6.01,6.07,203382239.0,1206122246.0,10269411161.0,0.019804664143975644
2026-06-01,6.04,6.19,6.0,6.0,116627222.0,683454639.0,10269411161.0,0.011356758452024355
2026-06-02,6.01,6.05,5.7,5.81,145425493.0,814689513.0,10269411161.0,0.014161035206407975
2026-06-03,5.81,5.88,5.7,5.72,110554913.0,619438048.0,10269411161.0,0.010765457850188417
2026-06-04,5.7,5.82,5.59,5.75,109372163.0,607097273.0,10269411161.0,0.010650285716026362
2026-06-05,5.79,5.8,5.45,5.57,132906243.0,719956926.0,10269411161.0,0.01294195362483257
2026-06-08,5.43,5.51,5.19,5.25,141927785.0,732676848.0,10269411161.0,0.013820440410351586
2026-06-09,5.31,5.41,5.16,5.38,114479250.0,585730722.0,10269411161.0,0.011147596313482534
2026-06-10,5.29,5.55,5.12,5.51,183587927.0,937898875.0,10269411161.0,0.01787716200294028
2026-06-11,5.41,5.41,5.18,5.27,156833220.0,796990282.0,10269411161.0,0.0152718804945315
2026-06-12,5.3,5.51,5.3,5.34,160485287.0,836761774.0,10269411161.0,0.015627506240033777
2026-06-15,5.39,5.48,5.33,5.42,118245610.0,615728402.0,10269411161.0,0.01151435151891276
2026-06-16,5.39,5.55,5.36,5.48,112816402.0,594828772.0,10269411161.0,0.010985673884442496
2026-06-17,5.48,5.6,5.33,5.35,131403026.0,688166850.0,10269411161.0,0.012795575514497603
2026-06-18,5.35,5.39,5.25,5.27,120040626.0,614964626.0,10269411161.0,0.011689144014008964
2026-06-22,5.2,5.34,5.12,5.33,139703011.0,703393709.0,10269411161.0,0.01360379955674072
2026-06-23,5.29,5.3,5.03,5.03,145716925.0,725228786.0,10269411161.0,0.014189413853969265
2026-06-24,5.04,5.07,4.92,5.03,105812239.0,510344940.0,10269411161.0,0.010303632539501551
2026-06-25,4.99,5.14,4.94,5.05,126765281.0,614490383.0,10269411161.0,0.01234396782956892
2026-06-26,5.03,5.23,4.87,4.87,162767018.0,791172621.0,10269411161.0,0.015849693370749245
2026-06-29,4.83,4.92,4.74,4.85,116492236.0,544459293.0,10269411161.0,0.011343613978803473
2026-06-30,4.81,4.99,4.81,4.92,109041020.0,517934313.0,10269412104.0,0.010618039172615133
2026-07-01,4.94,5.23,4.86,5.05,156573268.0,757937138.0,10269412104.0,0.015246565861254486
2026-07-02,5.03,5.07,4.83,4.85,151038675.0,722592063.0,10269412104.0,0.014707626246800389
2026-07-03,4.87,4.89,4.76,4.76,123045743.0,571883728.0,10269412104.0,0.011981770889501349
2026-07-06,4.79,4.81,4.6,4.6,129612873.0,587265822.0,10269412104.0,0.01262125540268415
2026-07-07,4.61,4.67,4.5,4.53,98424769.0,435800655.0,10269412104.0,0.009584265194855987
2026-07-08,4.55,4.55,4.35,4.35,110139190.0,469126137.0,10269412104.0,0.010724975186953506
2026-07-09,4.34,4.46,4.27,4.44,108692187.0,458547179.0,10269412104.0,0.010584071015872828
2026-07-10,4.45,4.71,4.41,4.55,145614444.0,645156863.0,10269412104.0,0.01417943330400406
2026-07-13,4.53,4.55,4.19,4.2,146444164.0,608448137.0,10269412104.0,0.014260228581435453
